Date,Result,Jackpot 1,Jackpot 2
"T5, 12/12/2024",01�09�12�18�37�44�11,104.087.275.950,7.553.091.300
"T3, 10/12/2024",11�15�26�45�52�55�36,96.561.728.400,6.716.919.350
"T7, 07/12/2024",16�17�22�24�29�37�54,89.056.708.500,5.883.028.250
"T5, 05/12/2024",16�21�29�41�42�47�09,82.155.882.450,5.116.269.800
"T3, 03/12/2024",10�19�33�39�47�54�16,75.376.744.950,4.363.032.300
"T7, 30/11/2024",01�20�24�26�38�41�36,69.481.767.900,3.708.034.850
"T5, 28/11/2024",01�16�24�28�38�53�09,66.033.314.400,3.324.873.350
"T3, 26/11/2024",08�11�16�32�40�43�12,63.109.454.250,3.921.018.850
"T7, 23/11/2024",04�12�25�39�48�51�45,60.242.121.300,3.602.426.300
"T5, 21/11/2024",15�22�31�40�42�51�26,57.805.702.500,3.331.713.100
"T3, 19/11/2024",06�10�17�34�41�48�31,54.820.284.600,5.332.330.300
"T7, 16/11/2024",16�22�33�37�39�51�54,51.077.854.200,4.916.504.700
"T5, 14/11/2024",12�25�37�40�49�52�31,48.362.506.500,4.614.799.400
"T3, 12/11/2024",01�21�29�35�41�45�20,46.129.206.900,4.366.655.000
"T7, 09/11/2024",11�14�24�26�34�51�40,43.415.255.550,4.065.104.850
"T5, 07/11/2024",06�09�33�39�50�51�43,40.954.938.600,3.791.736.300
"T3, 05/11/2024",09�31�36�46�49�54�07,38.354.528.100,3.502.801.800
"T7, 02/11/2024",02�09�19�20�34�54�26,35.592.679.650,3.195.929.750
"T5, 31/10/2024",05�16�20�29�30�31�39,33.829.311.900,3.209.448.550
"T3, 29/10/2024",14�17�19�28�47�51�55,31.944.274.950,3.947.249.250
"T7, 26/10/2024",05�19�27�29�42�47�40,148.717.283.700,3.731.218.700
"T5, 24/10/2024",05�17�31�39�46�53�03,142.136.315.400,7.861.908.750
"T3, 22/10/2024",15�21�23�26�31�43�35,133.000.167.000,6.846.781.150
"T7, 19/10/2024",09�22�31�39�43�51�19,123.535.166.700,5.795.114.450
"T5, 17/10/2024",11�14�15�26�38�41�25,115.151.146.950,4.863.556.700
"T3, 15/10/2024",04�25�41�42�46�52�33,108.078.091.050,4.077.661.600
"T7, 12/10/2024",29�34�35�38�50�51�37,102.984.137.400,3.511.666.750
"T5, 10/10/2024",04�05�06�29�32�44�53,98.379.136.650,4.367.972.050
"T3, 08/10/2024",03�07�14�17�48�50�40,94.545.136.200,3.941.972.000
"T7, 05/10/2024",02�10�17�27�50�52�18,89.911.590.600,3.427.133.600
"T5, 03/10/2024",18�21�34�40�42�53�25,86.067.388.200,3.805.558.300
"T3, 01/10/2024",03�18�22�41�43�44�12,82.059.437.100,3.360.230.400
"T7, 28/09/2024",02�11�13�32�41�48�15,78.817.363.500,4.017.325.750
"T5, 26/09/2024",03�18�29�39�41�49�46,75.549.116.100,3.654.187.150
"T3, 24/09/2024",01�06�11�17�24�31�43,72.583.734.450,3.324.700.300
"T7, 21/09/2024",03�08�09�22�26�55�11,69.661.431.750,4.551.954.400
"T5, 19/09/2024",04�09�22�24�45�54�48,67.050.862.500,4.261.891.150
"T3, 17/09/2024",14�32�34�41�47�54�48,64.498.682.550,3.978.315.600
"T7, 14/09/2024",02�12�25�32�51�54�34,60.968.881.650,3.586.115.500
"T5, 12/09/2024",03�08�31�36�39�47�38,58.348.724.700,3.294.986.950
"T3, 10/09/2024",15�23�37�38�45�49�30,55.693.842.150,4.061.709.750
"T7, 07/09/2024",05�11�20�39�46�53�37,53.279.767.650,3.793.479.250
"T5, 05/09/2024",15�20�23�29�34�46�01,50.919.272.400,3.531.202.000
"T3, 03/09/2024",08�10�11�14�38�48�41,48.757.939.050,3.291.053.850
"T7, 31/08/2024",24�33�38�40�42�51�28,46.138.454.400,4.045.054.250
"T5, 29/08/2024",08�11�21�29�38�55�12,43.365.680.850,3.736.968.300
"T3, 27/08/2024",05�06�29�31�37�48�02,41.320.607.700,3.509.737.950
"T7, 24/08/2024",02�17�20�21�22�23�38,38.721.118.800,3.220.905.850
"T5, 22/08/2024",11�18�20�32�41�46�33,36.732.966.150,3.748.107.350
"T3, 20/08/2024",05�24�26�27�29�54�06,34.384.548.450,3.487.172.050
"T7, 17/08/2024",04�28�35�38�39�45�05,31.979.607.600,3.219.956.400
"T5, 15/08/2024",08�16�20�30�34�43�46,39.241.663.950,3.510.476.350
"T3, 13/08/2024",09�26�40�44�45�50�27,37.179.227.550,3.281.316.750
"T7, 10/08/2024",10�23�32�37�48�55�14,34.647.376.800,3.233.495.950
"T5, 08/08/2024",01�07�42�43�48�51�29,32.545.913.250,5.472.299.550
"T3, 06/08/2024",22�34�44�46�54�55�14,228.605.423.700,5.189.420.300
"T7, 03/08/2024",07�20�34�36�41�46�16,216.683.739.750,3.864.788.750
"T5, 01/08/2024",09�17�21�48�53�55�29,208.900.641.000,10.335.885.000
"T3, 30/07/2024",02�06�22�23�38�51�32,197.848.321.500,3.939.907.000
"T7, 27/07/2024",18�23�25�37�39�40�35,189.389.158.500,3.736.907.850
"T5, 25/07/2024",12�17�21�25�33�40�39,182.756.987.850,9.201.986.500
"T3, 23/07/2024",34�39�40�42�54�55�30,173.134.617.600,8.132.834.250
"T7, 20/07/2024",12�18�32�40�51�53�28,162.187.998.600,6.916.543.250
"T5, 18/07/2024",10�13�28�35�40�42�02,152.070.473.550,5.792.373.800
"T3, 16/07/2024",20�31�34�36�47�52�02,143.092.525.800,4.794.824.050
"T7, 13/07/2024",02�12�13�33�44�52�34,132.641.850.900,3.633.637.950
"T5, 11/07/2024",01�02�11�21�22�23�26,126.939.109.350,4.518.167.100
"T3, 09/07/2024",06�08�09�28�33�53�10,119.737.487.100,3.717.986.850
"T7, 06/07/2024",08�10�12�22�25�55�52,113.275.605.450,3.535.609.950
"T5, 04/07/2024",10�19�20�29�34�41�08,108.455.115.900,3.556.097.400
"T3, 02/07/2024",07�08�50�52�53�54�02,103.450.239.300,6.940.249.300
"T7, 29/06/2024",11�15�32�34�46�48�47,94.939.428.000,5.994.603.600
"T5, 27/06/2024",07�21�22�41�43�46�32,87.506.345.100,5.168.705.500
"T3, 25/06/2024",01�05�09�13�18�27�08,80.672.952.450,4.409.439.650
"T7, 22/06/2024",17�25�31�35�41�42�36,76.722.113.100,3.970.457.500
"T5, 20/06/2024",01�10�29�34�43�55�49,74.105.630.400,3.679.737.200
"T3, 18/06/2024",20�23�27�36�38�44�52,70.914.719.100,3.325.191.500
"T7, 15/06/2024",05�10�14�20�26�51�36,67.987.995.600,3.966.842.450
"T5, 13/06/2024",08�39�45�47�49�51�16,64.999.817.400,3.634.822.650
"T3, 11/06/2024",13�16�21�30�32�39�53,62.127.460.650,3.315.671.900
"T7, 08/06/2024",13�16�32�33�35�43�42,59.286.413.550,3.583.225.100
"T5, 06/06/2024",18�26�38�39�47�51�55,56.657.129.250,3.291.082.400
"T3, 04/06/2024",01�02�07�10�13�19�24,54.037.387.650,3.553.778.750
"T7, 01/06/2024",06�24�30�31�47�49�01,51.723.546.150,3.296.685.250
"T5, 30/05/2024",04�07�08�12�23�31�45,49.053.378.900,4.674.090.000
"T3, 28/05/2024",01�25�29�37�40�54�50,47.522.322.750,4.503.972.650
"T7, 25/05/2024",15�22�38�39�43�53�20,44.500.277.100,4.168.189.800
"T5, 23/05/2024",08�12�42�47�51�52�36,42.733.638.750,3.971.896.650
"T3, 21/05/2024",01�02�14�32�33�41�04,40.422.908.100,3.715.148.800
"T7, 18/05/2024",12�18�20�25�27�52�44,37.855.412.400,3.429.871.500
"T5, 16/05/2024",20�25�27�39�45�55�44,35.985.134.550,3.222.062.850
"T3, 14/05/2024",05�17�36�40�46�50�01,33.986.568.900,3.442.952.100
"T7, 11/05/2024",19�23�25�43�46�54�42,31.730.182.500,3.192.242.500
"T5, 09/05/2024",03�16�21�36�37�40�31,62.575.096.350,5.660.148.700
"T3, 07/05/2024",21�26�35�41�44�52�13,61.542.131.250,5.545.374.800
"T7, 04/05/2024",05�27�35�45�49�55�18,58.191.976.650,5.173.135.400
"T5, 02/05/2024",30�32�33�36�42�48�18,55.439.469.300,4.867.301.250
"T3, 30/04/2024",13�16�26�46�49�54�08,52.411.684.800,4.530.880.750
"T7, 27/04/2024",07�12�38�43�48�55�08,49.665.978.300,4.225.802.250
"T5, 25/04/2024",13�19�27�38�41�54�46,47.354.753.100,3.968.999.450
"T3, 23/04/2024",01�34�39�40�49�53�09,45.053.287.500,3.713.281.050
"T7, 20/04/2024",02�06�35�43�45�47�14,41.561.844.600,3.325.342.950
"T5, 18/04/2024",01�21�23�33�43�54�28,38.633.758.050,3.625.181.100
"T3, 16/04/2024",03�05�32�40�46�50�37,36.274.024.650,3.362.988.500
"T7, 13/04/2024",29�36�37�38�40�42�46,33.007.128.150,3.334.125.350
"T5, 11/04/2024",03�06�15�25�33�43�55,314.186.714.850,4.576.301.650
"T3, 09/04/2024",04�12�27�44�46�51�22,300.000.000.000,25.409.725.000
"T7, 06/04/2024",09�13�20�30�39�54�23,300.000.000.000,67.784.892.000
"T5, 04/04/2024",03�08�12�25�47�48�15,337.543.447.350,7.171.494.150
"T3, 02/04/2024",01�12�18�20�51�52�37,317.948.300.400,4.994.255.600
"T7, 30/03/2024",14�17�27�38�54�55�23,300.000.000.000,21.967.876.000
"T5, 28/03/2024",01�07�18�26�38�49�21,300.000.000.000,15.830.247.100
"T3, 26/03/2024",01�08�13�16�38�44�47,297.045.137.100,4.773.402.950
"T7, 23/03/2024",03�10�13�30�40�52�04,281.084.510.550,4.202.342.900
"T5, 21/03/2024",12�13�41�48�49�53�43,270.263.424.450,4.398.445.450
"T3, 19/03/2024",06�25�39�45�46�55�26,257.677.415.400,4.532.598.900
"T7, 16/03/2024",08�36�42�43�44�55�54,243.884.025.300,10.424.918.300
"T5, 14/03/2024",21�25�26�29�41�51�39,228.468.952.650,8.712.132.450
"T3, 12/03/2024",11�14�18�20�22�43�16,213.559.310.100,7.055.505.500
"T7, 09/03/2024",11�13�22�36�46�49�37,199.484.306.400,5.491.616.200
"T5, 07/03/2024",13�20�33�47�53�54�19,186.792.773.700,4.081.445.900
"T3, 05/03/2024",12�19�21�23�28�54�31,177.059.760.600,7.622.995.650
"T7, 02/03/2024",01�19�21�31�50�55�37,164.593.876.350,6.237.897.400
"T5, 29/02/2024",04�11�20�38�52�53�33,153.346.722.600,4.988.213.650
"T3, 27/02/2024",01�04�06�08�24�35�53,142.673.643.750,3.802.316.000
"T7, 24/02/2024",01�03�22�27�38�40�26,135.452.799.750,3.569.068.200
"T5, 22/02/2024",08�19�24�31�35�55�01,130.331.185.950,3.419.717.350
"T3, 20/02/2024",34�46�50�51�52�55�05,126.553.729.800,3.628.934.550
"T7, 17/02/2024",08�12�17�27�38�55�47,120.893.318.850,5.445.039.249
"T5, 15/02/2024",03�07�08�18�21�26�19,116.463.068.400,4.952.789.200
"T3, 13/02/2024",08�17�22�31�34�49�18,112.343.407.950,4.495.049.150
"T5, 08/02/2024",22�31�35�36�38�42�11,107.397.479.550,3.945.501.550
"T3, 06/02/2024",08�19�27�34�46�51�24,103.161.578.250,3.474.845.850
"T7, 03/02/2024",04�06�07�13�18�26�49,98.887.965.600,4.675.257.700
"T5, 01/02/2024",02�07�10�22�32�40�39,95.065.337.100,4.250.521.200
"T3, 30/01/2024",03�10�13�40�49�52�09,91.320.972.600,3.834.480.700
"T7, 27/01/2024",06�12�38�41�46�55�13,87.295.773.450,3.387.236.350
"T5, 25/01/2024",13�17�35�38�42�48�07,83.810.646.300,3.754.098.000
"T3, 23/01/2024",13�27�32�48�49�51�23,80.681.771.550,3.406.445.250
"T7, 20/01/2024",06�25�29�34�49�54�38,77.023.764.300,3.670.976.600
"T5, 18/01/2024",12�20�33�38�40�52�35,73.702.820.550,3.301.982.850
"T3, 16/01/2024",09�14�18�20�27�43�42,70.984.974.900,3.313.161.050
"T7, 13/01/2024",01�05�07�23�35�42�21,68.166.525.450,3.295.208.700
"T5, 11/01/2024",02�23�32�44�51�52�28,65.509.647.150,4.208.594.000
"T3, 09/01/2024",16�32�45�50�52�53�54,62.968.732.950,3.926.270.200
"T7, 06/01/2024",15�17�21�24�34�46�11,59.785.265.550,3.572.551.600
"T5, 04/01/2024",07�34�37�43�52�54�28,57.063.120.600,3.270.091.050
"T3, 02/01/2024",02�05�18�31�37�45�20,54.632.301.150,3.278.133.150
"T7, 30/12/2023",09�17�29�32�38�52�02,52.129.102.800,4.883.977.800
"T5, 28/12/2023",20�28�30�40�45�52�32,50.014.908.300,4.649.067.300
"T3, 26/12/2023",10�14�17�27�29�40�25,47.615.531.700,4.382.469.900
"T7, 23/12/2023",22�32�39�46�48�49�43,45.088.940.550,4.101.737.550
"T5, 21/12/2023",09�31�39�41�47�48�03,42.761.793.000,3.843.165.600
"T3, 19/12/2023",11�14�15�24�34�53�18,40.527.961.950,3.594.962.150
"T7, 16/12/2023",13�15�21�26�34�35�45,38.380.011.600,3.356.301.000
"T5, 14/12/2023",01�12�23�43�48�52�30,36.585.760.800,3.156.939.800
"T3, 12/12/2023",06�07�16�21�34�50�31,35.173.302.600,5.057.438.650
"T7, 09/12/2023",06�09�26�27�34�47�41,32.990.974.950,4.814.957.800
"T5, 07/12/2023",09�13�28�33�50�53�47,31.401.323.850,4.638.329.900
"T3, 05/12/2023",02�04�19�32�35�39�49,50.531.713.500,4.482.627.250
"T7, 02/12/2023",01�10�20�37�48�51�54,48.458.017.200,4.252.216.550
"T5, 30/11/2023",09�13�21�28�50�54�51,46.969.203.000,4.086.792.750
"T3, 28/11/2023",10�24�47�48�52�55�28,44.717.168.550,3.836.566.700
"T7, 25/11/2023",07�09�10�17�25�53�49,42.235.023.000,3.560.772.750
"T5, 23/11/2023",04�06�26�33�52�55�15,40.785.765.150,3.399.744.100
"T3, 21/11/2023",03�07�16�37�39�51�09,38.984.117.250,3.199.561.000
"T7, 18/11/2023",01�07�10�14�28�29�02,37.188.068.250,3.137.295.700
"T5, 16/11/2023",03�05�10�18�44�49�28,35.952.406.950,4.225.328.000
"T3, 14/11/2023",04�09�12�15�22�38�40,34.196.392.650,4.030.215.300
"T7, 11/11/2023",02�03�04�19�41�42�23,32.810.830.500,3.876.263.950
"T5, 09/11/2023",08�17�24�34�39�48�44,31.420.540.650,3.721.787.300
"T3, 07/11/2023",12�18�20�28�35�52�25,35.075.545.050,3.563.949.450
"T7, 04/11/2023",14�35�37�47�48�50�43,33.414.096.900,3.379.344.100
"T5, 02/11/2023",09�15�17�21�26�36�13,31.605.069.000,3.178.341.000
"T3, 31/10/2023",10�16�17�28�37�42�43,173.149.875.300,3.727.385.950
"T7, 28/10/2023",11�14�25�44�46�47�10,166.603.401.750,4.602.191.450
"T5, 26/10/2023",14�22�32�37�43�48�42,157.447.377.750,3.584.855.450
"T3, 24/10/2023",12�20�26�33�40�44�24,152.183.678.700,6.548.895.550
"T7, 21/10/2023",11�16�24�34�47�52�15,142.854.653.550,5.512.337.200
"T5, 19/10/2023",01�23�29�37�51�55�54,134.594.405.850,4.594.531.900
"T3, 17/10/2023",13�22�33�41�46�47�09,126.033.393.900,3.643.308.350
"T7, 14/10/2023",08�23�30�34�38�47�10,120.243.618.750,5.040.169.200
"T5, 12/10/2023",05�08�09�20�36�50�35,112.991.932.200,4.234.426.250
"T3, 10/10/2023",06�23�26�37�44�46�33,106.511.719.800,3.514.402.650
"T7, 07/10/2023",04�13�36�40�43�52�34,101.882.095.950,4.617.950.050
"T5, 05/10/2023",01�21�33�46�47�53�09,95.566.397.700,3.916.205.800
"T3, 03/10/2023",03�15�27�29�37�48�55,90.070.410.900,3.305.540.600
"T7, 30/09/2023",03�13�19�30�38�44�51,87.320.545.500,6.877.471.800
"T5, 28/09/2023",04�23�36�45�47�50�22,82.096.341.600,6.297.004.700
"T3, 26/09/2023",14�20�24�27�41�44�23,77.347.149.150,5.769.316.650
"T7, 23/09/2023",20�27�36�43�45�47�35,72.457.474.800,5.226.019.500
"T5, 21/09/2023",16�26�33�34�41�43�53,67.899.735.300,4.719.604.000
"T3, 19/09/2023",17�29�35�40�51�52�23,64.650.236.700,4.358.548.600
"T7, 16/09/2023",25�27�42�51�54�55�45,61.815.809.550,4.043.612.250
"T5, 14/09/2023",06�10�20�22�50�52�34,59.333.976.300,3.767.853.000
"T3, 12/09/2023",26�31�32�39�45�55�28,56.990.967.600,3.507.518.700
"T7, 09/09/2023",13�20�32�37�43�49�40,54.554.601.450,3.236.811.350
"T5, 07/09/2023",01�04�36�42�45�54�32,52.423.299.300,4.296.715.600
"T3, 05/09/2023",02�06�19�29�34�48�39,50.166.294.600,4.045.937.300
"T7, 02/09/2023",12�15�32�44�46�51�48,48.434.457.450,3.853.510.950
"T5, 31/08/2023",23�33�37�43�45�46�29,46.578.147.150,3.647.254.250
"T3, 29/08/2023",01�08�20�25�35�53�54,44.834.259.900,3.453.489.000
"T7, 26/08/2023",05�08�24�38�50�51�47,42.714.713.100,3.217.983.800
"T5, 24/08/2023",01�10�20�41�42�50�39,40.752.858.900,13.336.465.600
"T3, 22/08/2023",02�03�06�34�35�36�31,38.459.304.300,13.081.626.200
"T7, 19/08/2023",07�09�13�22�27�42�23,35.774.937.300,12.783.363.200
"T5, 17/08/2023",01�05�25�32�51�52�54,34.033.462.950,12.589.866.050
"T3, 15/08/2023",05�12�25�39�40�53�52,31.860.737.850,12.348.452.150
"T7, 12/08/2023",13�24�39�43�45�52�08,256.972.522.350,12.141.703.500
"T5, 10/08/2023",04�14�31�42�47�49�43,242.211.415.350,10.501.580.500
"T3, 08/08/2023",05�06�19�20�40�45�47,226.138.479.600,8.715.698.750
"T7, 05/08/2023",22�34�40�47�49�51�44,210.802.558.800,7.011.707.550
"T5, 03/08/2023",03�12�22�25�37�39�07,196.667.264.100,5.441.119.250
"T3, 01/08/2023",04�18�22�25�33�48�02,184.720.792.350,4.113.733.500
"T7, 29/07/2023",16�23�25�26�29�40�32,174.697.190.850,3.864.584.900
"T5, 27/07/2023",03�11�13�31�33�45�27,166.915.926.750,3.826.551.700
"T3, 25/07/2023",12�23�42�44�51�52�03,159.476.961.450,9.238.211.450
"T7, 22/07/2023",09�15�23�25�27�34�41,147.710.573.850,7.930.835.050
"T5, 20/07/2023",05�34�36�38�47�50�26,138.815.469.750,6.942.490.150
"T3, 18/07/2023",10�11�19�28�42�47�16,129.014.374.350,5.853.479.550
"T7, 15/07/2023",02�16�31�37�38�48�36,119.322.221.250,4.776.573.650
"T5, 13/07/2023",03�04�30�34�36�49�08,109.923.542.850,3.732.276.050
"T3, 11/07/2023",24�40�44�46�47�49�05,103.333.058.400,5.908.033.550
"T7, 08/07/2023",08�11�23�43�44�48�41,93.737.419.050,4.841.851.400
"T5, 06/07/2023",07�12�29�39�46�55�01,86.968.735.500,4.089.775.450
"T3, 04/07/2023",04�13�14�23�33�50�41,80.894.008.650,3.414.805.800
"T7, 01/07/2023",13�33�36�38�45�50�25,77.160.756.450,4.136.449.100
"T5, 29/06/2023",01�11�12�28�46�54�40,72.625.274.850,3.632.506.700
"T3, 27/06/2023",02�12�15�16�27�28�47,69.936.872.700,3.333.795.350
"T7, 24/06/2023",08�09�16�20�50�53�03,66.932.714.550,3.735.399.800
"T5, 22/06/2023",02�11�14�35�43�51�55,65.034.265.800,3.524.461.050
"T3, 20/06/2023",07�23�26�31�35�53�32,63.040.925.550,3.302.978.800
"T7, 17/06/2023",07�13�23�34�38�40�55,60.314.116.350,3.256.525.700
"T5, 15/06/2023",10�11�25�39�46�55�40,58.005.385.050,5.622.310.700
"T3, 13/06/2023",04�14�18�27�47�50�33,55.603.213.950,5.355.402.800
"T7, 10/06/2023",10�17�27�32�35�41�54,52.877.718.300,5.052.569.950
"T5, 08/06/2023",03�36�38�43�51�53�02,50.491.951.050,4.787.484.700
"T3, 06/06/2023",01�14�23�27�44�50�43,48.285.119.100,4.542.281.150
"T7, 03/06/2023",23�28�29�36�38�41�07,45.597.828.900,4.243.693.350
"T5, 01/06/2023",03�18�40�41�46�47�36,43.522.243.950,4.013.072.800
"T3, 30/05/2023",01�14�24�28�40�46�34,41.223.910.350,3.757.702.400
"T7, 27/05/2023",04�06�08�18�39�43�28,38.990.916.300,3.509.591.950
"T5, 25/05/2023",15�16�19�31�33�46�07,37.840.372.050,3.381.753.700
"T3, 23/05/2023",26�27�35�36�47�54�40,36.233.149.800,3.203.173.450
"T7, 20/05/2023",01�14�21�36�48�53�44,34.404.588.750,4.661.644.750
"T5, 18/05/2023",13�14�21�23�30�41�49,32.942.141.850,4.499.150.650
"T3, 16/05/2023",19�24�30�34�40�44�51,31.705.358.250,4.361.730.250
"T7, 13/05/2023",22�24�35�43�45�54�50,76.361.538.900,4.172.246.000
"T5, 11/05/2023",01�03�19�33�34�51�17,73.659.305.100,3.871.997.800
"T3, 09/05/2023",07�09�13�22�44�47�39,70.842.375.750,3.559.005.650
"T7, 06/05/2023",01�11�22�28�34�42�10,68.127.043.350,3.257.302.050
"T5, 04/05/2023",13�30�32�35�45�52�29,65.811.324.900,3.549.402.400
"T3, 02/05/2023",04�11�18�25�33�45�21,62.962.637.700,3.232.881.600
"T7, 29/04/2023",02�09�12�24�41�53�35,60.866.703.300,3.261.376.150
"T5, 27/04/2023",08�28�38�39�41�45�54,58.514.317.950,3.466.427.050
"T3, 25/04/2023",06�10�19�23�25�28�45,56.226.657.900,3.212.242.600
"T7, 22/04/2023",09�18�23�24�48�52�10,54.316.474.500,3.390.154.000
"T5, 20/04/2023",07�11�32�35�42�51�46,53.021.964.900,3.246.319.600
"T3, 18/04/2023",17�18�30�40�51�55�50,50.805.088.500,3.514.626.950
"T7, 15/04/2023",01�34�35�36�42�43�05,48.248.431.500,3.230.553.950
"T5, 13/04/2023",22�26�28�37�39�48�15,46.173.445.950,5.423.864.950
"T3, 11/04/2023",10�14�16�18�37�49�54,44.227.963.200,5.207.700.200
"T7, 08/04/2023",17�33�36�46�50�52�40,42.137.944.050,4.975.475.850
"T5, 06/04/2023",07�10�12�33�52�54�16,40.461.283.650,4.789.180.250
"T3, 04/04/2023",13�28�41�42�47�51�09,38.918.931.150,4.617.807.750
"T7, 01/04/2023",12�34�39�44�49�55�14,36.853.249.350,4.388.287.550
"T5, 30/03/2023",06�11�14�21�30�32�22,35.002.371.900,4.182.634.500
"T3, 28/03/2023",06�21�24�41�50�53�13,33.425.088.600,4.007.380.800
"T7, 25/03/2023",17�18�28�40�49�54�16,31.734.697.800,3.819.559.600
"T5, 23/03/2023",04�07�22�33�40�49�39,71.024.943.450,3.626.815.400
"T3, 21/03/2023",07�17�31�43�45�49�52,68.288.184.300,3.322.731.050
"T7, 18/03/2023",18�24�32�33�51�53�36,65.383.604.850,3.348.904.850
"T5, 16/03/2023",06�23�34�48�50�55�02,62.243.461.200,4.823.636.850
"T3, 14/03/2023",14�15�18�20�27�35�31,59.309.461.650,4.497.636.900
"T7, 11/03/2023",13�23�25�30�35�44�08,56.487.021.150,4.184.032.400
"T5, 09/03/2023",12�22�28�34�53�54�40,54.468.180.300,3.959.716.750
"T3, 07/03/2023",08�22�25�27�39�50�28,52.053.289.050,3.691.395.500
"T7, 04/03/2023",09�13�23�36�38�54�21,49.872.652.950,3.449.102.600
"T5, 02/03/2023",01�03�23�24�43�48�31,47.768.959.650,3.215.358.900
"T3, 28/02/2023",02�13�14�30�43�55�22,45.830.729.550,4.144.011.550
"T7, 25/02/2023",01�02�14�21�38�51�50,43.516.873.650,3.886.916.450
"T5, 23/02/2023",12�16�29�31�39�48�40,41.760.073.200,3.691.716.400
"T3, 21/02/2023",04�12�15�21�30�44�05,40.163.155.050,3.514.281.050
"T7, 18/02/2023",11�23�26�29�43�50�05,38.396.133.300,3.317.945.300
"T5, 16/02/2023",01�05�07�08�20�22�33,36.591.358.350,3.117.414.750
"T3, 14/02/2023",01�09�33�37�43�45�23,35.534.625.600,3.614.958.400
"T7, 11/02/2023",04�13�45�48�52�54�05,33.529.908.900,3.392.212.100
"T5, 09/02/2023",01�10�29�30�49�50�09,31.790.453.700,3.198.939.300
"T3, 07/02/2023",06�27�29�32�39�52�09,92.507.434.050,5.518.164.800
"T7, 04/02/2023",02�06�08�27�41�46�20,85.835.025.750,4.776.786.100
"T5, 02/02/2023",03�10�23�29�34�53�11,79.652.814.150,4.089.873.700
"T3, 31/01/2023",10�11�31�32�38�52�05,73.618.027.050,3.419.341.800
"T7, 28/01/2023",09�22�23�29�38�47�33,69.843.950.850,4.450.051.600
"T5, 26/01/2023",08�15�18�20�33�41�14,67.293.412.500,4.166.658.450
"T3, 24/01/2023",03�05�10�12�29�30�09,64.877.769.750,3.898.253.700
"T5, 19/01/2023",03�21�32�33�38�52�30,62.304.180.150,3.612.299.300
"T3, 17/01/2023",01�09�20�36�44�50�40,59.818.408.950,3.336.102.500
"T7, 14/01/2023",05�17�24�30�43�53�26,56.793.486.450,4.023.574.850
"T5, 12/01/2023",05�14�37�45�47�55�25,54.479.037.450,3.766.413.850
"T3, 10/01/2023",05�12�14�19�46�51�36,51.992.583.600,3.490.141.200
"T7, 07/01/2023",03�04�09�15�33�54�16,49.544.227.650,3.218.101.650
"T5, 05/01/2023",05�12�34�37�47�49�28,47.581.312.800,3.487.777.200
"T3, 03/01/2023",09�13�24�43�47�48�18,45.442.629.750,3.250.145.750
"T7, 31/12/2022",10�15�36�42�45�52�20,43.191.318.000,4.215.920.150
"T5, 29/12/2022",06�08�33�37�38�51�48,40.919.760.750,3.963.524.900
"T3, 27/12/2022",11�12�13�14�23�55�27,38.626.793.850,3.708.750.800
"T7, 24/12/2022",05�19�22�23�30�44�52,36.098.421.150,3.427.820.500
"T5, 22/12/2022",14�26�35�43�45�48�03,34.469.658.750,3.246.846.900
"T3, 20/12/2022",02�06�09�20�31�35�42,32.248.036.650,5.524.310.950
"T7, 17/12/2022",01�02�29�34�41�42�09,167.391.079.950,5.274.529.100
"T5, 15/12/2022",02�25�38�50�51�55�21,155.290.691.550,3.930.041.500
"T3, 13/12/2022",10�22�31�37�41�52�20,146.920.318.050,5.273.814.700
"T7, 10/12/2022",02�12�13�18�33�44�31,134.599.851.300,3.904.873.950
"T5, 08/12/2022",06�30�36�41�49�55�20,126.455.985.750,6.070.142.500
"T3, 06/12/2022",01�11�25�44�45�46�35,116.145.205.500,4.924.500.250
"T7, 03/12/2022",16�17�27�48�52�53�24,108.784.806.600,4.106.678.150
"T5, 01/12/2022",11�14�29�31�52�54�07,103.576.368.900,3.527.962.850
"T3, 29/11/2022",02�13�16�18�41�42�19,98.824.703.250,4.332.824.400
"T7, 26/11/2022",08�23�24�48�49�52�01,94.333.835.100,3.833.839.050
"T5, 24/11/2022",04�06�18�27�52�53�10,90.352.111.350,3.391.425.300
"T3, 22/11/2022",03�09�21�22�26�35�15,86.829.283.650,3.395.057.800
"T7, 19/11/2022",03�15�22�39�46�48�43,83.273.763.450,3.384.349.700
"T5, 17/11/2022",01�19�25�27�38�42�54,79.814.616.150,3.390.879.700
"T3, 15/11/2022",04�20�26�36�47�51�33,76.296.698.850,3.739.374.550
"T7, 12/11/2022",08�18�23�30�35�42�43,72.525.177.750,3.320.316.650
"T5, 10/11/2022",08�11�14�27�38�45�21,69.642.327.900,3.246.053.000
"T3, 08/11/2022",12�27�33�44�48�50�18,67.427.850.900,3.982.629.450
"T7, 05/11/2022",10�19�22�25�47�53�52,63.987.346.200,3.600.351.150
"T5, 03/11/2022",08�13�24�28�29�33�49,61.167.452.700,3.287.029.650
"T3, 01/11/2022",03�09�20�23�31�54�55,58.584.185.850,3.735.902.200
"T7, 29/10/2022",01�03�10�13�15�20�32,55.574.880.150,3.401.534.900
"T5, 27/10/2022",01�07�10�17�19�30�53,53.993.736.750,3.225.852.300
"T3, 25/10/2022",08�18�20�22�42�46�01,51.961.066.050,4.345.930.350
"T7, 22/10/2022",17�19�35�42�51�52�34,49.411.290.450,4.062.621.950
"T5, 20/10/2022",15�21�27�34�37�53�29,46.869.729.600,3.780.226.300
"T3, 18/10/2022",06�30�36�39�44�46�49,44.628.997.800,3.531.256.100
"T7, 15/10/2022",08�15�16�39�45�51�23,41.892.390.300,3.227.188.600
"T5, 13/10/2022",12�13�43�48�51�52�15,39.847.692.900,4.898.754.850
"T3, 11/10/2022",11�26�34�40�46�52�01,37.672.072.050,4.657.019.200
"T7, 08/10/2022",11�17�23�34�41�51�40,35.350.914.000,4.399.112.750
"T5, 06/10/2022",06�08�19�20�47�53�07,33.330.821.700,4.174.658.050
"T3, 04/10/2022",05�11�12�22�43�45�42,31.658.106.000,3.988.800.750
"T7, 01/10/2022",14�15�16�22�23�29�20,37.241.100.750,3.804.566.750
"T5, 29/09/2022",15�32�33�37�42�54�28,35.206.530.150,3.578.503.350
"T3, 27/09/2022",11�13�23�27�37�43�34,33.257.062.650,3.361.895.850
"T7, 24/09/2022",01�04�05�17�42�47�09,31.902.787.650,3.211.420.850
"T5, 22/09/2022",12�14�19�29�44�47�26,98.674.641.750,5.392.800.900
"T3, 20/09/2022",08�27�32�43�53�54�45,91.614.070.200,4.608.292.950
"T7, 17/09/2022",05�08�19�34�40�49�39,87.421.889.100,4.142.495.050
"T5, 15/09/2022",03�08�19�30�41�52�09,83.847.890.100,3.745.384.050
"T3, 13/09/2022",09�10�21�40�41�48�54,80.468.982.300,3.369.949.850
"T7, 10/09/2022",02�08�15�19�35�38�14,77.139.433.650,3.202.611.000
"T5, 08/09/2022",09�13�23�32�36�52�43,75.315.934.650,5.532.384.350
"T3, 06/09/2022",01�05�27�43�52�54�15,72.622.537.050,5.233.117.950
"T7, 03/09/2022",11�22�31�33�40�46�41,68.862.978.750,4.815.389.250
"T5, 01/09/2022",04�14�18�39�50�53�31,66.183.821.850,4.517.705.150
"T3, 30/08/2022",02�13�19�29�30�32�16,63.748.396.650,4.247.102.350
"T7, 27/08/2022",01�05�07�10�25�48�36,60.479.670.450,3.883.910.550
"T5, 25/08/2022",19�30�35�40�49�53�42,57.912.621.600,3.598.682.900
"T3, 23/08/2022",13�21�31�41�44�45�27,55.279.408.350,3.306.103.650
"T7, 20/08/2022",06�16�29�32�42�51�43,52.524.475.500,3.507.925.550
"T5, 18/08/2022",23�27�31�37�38�42�26,50.094.066.900,3.237.880.150
"T3, 16/08/2022",17�18�28�47�50�53�11,47.953.145.550,6.347.975.150
"T7, 13/08/2022",19�28�29�30�33�36�14,45.228.896.850,6.045.280.850
"T5, 11/08/2022",01�12�21�34�48�55�50,42.823.778.700,5.778.045.500
"T3, 09/08/2022",09�10�36�41�51�55�52,40.722.247.650,5.544.542.050
"T7, 06/08/2022",06�21�27�41�51�53�43,38.170.136.550,5.260.974.150
"T5, 04/08/2022",08�09�20�41�48�54�02,36.032.949.300,5.023.508.900
"T3, 02/08/2022",02�05�28�40�47�48�31,34.019.568.300,4.799.799.900
"T7, 30/07/2022",01�04�24�35�44�47�17,31.865.574.450,4.560.467.250
"T5, 28/07/2022",05�06�17�28�29�39�34,42.178.630.800,4.353.181.200
"T3, 26/07/2022",05�08�09�13�14�47�53,40.513.467.450,4.168.163.050
"T7, 23/07/2022",27�28�29�39�40�54�13,38.195.566.050,3.910.618.450
"T5, 21/07/2022",02�20�33�45�51�55�01,35.972.954.400,3.663.661.600
"T3, 19/07/2022",08�09�33�34�35�52�36,33.952.631.250,3.439.181.250
"T7, 16/07/2022",06�13�18�27�34�46�33,31.962.266.400,3.218.029.600
"T5, 14/07/2022",11�25�29�37�39�52�45,205.143.192.300,4.070.928.000
"T3, 12/07/2022",12�13�24�25�39�41�09,195.504.840.300,12.817.623.150
"T7, 09/07/2022",05�21�24�47�52�55�20,183.948.645.900,11.533.601.550
"T5, 07/07/2022",18�24�32�43�48�55�15,172.448.183.100,10.255.772.350
"T3, 05/07/2022",05�07�12�26�29�44�38,162.630.330.150,9.164.899.800
"T7, 02/07/2022",06�26�39�40�46�47�02,153.712.284.600,8.174.005.850
"T5, 30/06/2022",05�11�15�19�29�31�35,145.146.456.750,7.222.247.200
"T3, 28/06/2022",05�22�30�32�38�55�33,137.360.420.850,6.357.132.100
"T7, 25/06/2022",14�17�31�35�37�40�28,128.468.041.500,5.369.089.950
"T5, 23/06/2022",10�22�23�34�46�54�27,120.359.597.700,4.468.151.750
"T3, 21/06/2022",09�13�19�21�34�51�35,112.724.914.800,3.619.853.650
"T7, 18/06/2022",06�27�43�44�45�47�33,107.146.231.950,7.616.155.500
"T5, 16/06/2022",09�13�21�40�51�54�04,99.398.788.050,6.755.328.400
"T3, 14/06/2022",02�15�26�32�35�36�16,92.299.663.650,5.966.536.800
"T7, 11/06/2022",10�18�23�25�45�47�38,85.597.658.400,5.221.869.550
"T5, 09/06/2022",30�31�35�43�48�50�22,79.919.472.900,4.590.960.050
"T3, 07/06/2022",16�17�21�28�39�50�19,74.335.915.200,3.970.564.750
"T7, 04/06/2022",03�17�27�30�34�49�25,70.506.838.200,3.545.111.750
"T5, 02/06/2022",07�11�28�30�33�50�49,67.823.715.000,3.246.986.950
"T3, 31/05/2022",04�10�15�16�47�51�23,65.600.832.450,4.929.246.350
"T7, 28/05/2022",33�36�38�42�43�46�03,62.757.436.800,4.613.313.500
"T5, 26/05/2022",04�30�32�39�41�53�42,60.427.002.000,4.354.376.300
"T3, 24/05/2022",18�31�32�46�50�52�28,57.772.834.500,4.059.468.800
"T7, 21/05/2022",19�32�38�40�45�48�02,55.087.218.300,3.761.067.000
"T5, 19/05/2022",03�06�31�40�47�54�08,52.849.603.650,3.512.443.150
"T3, 17/05/2022",11�17�25�29�45�48�53,50.454.523.200,3.246.323.100
"T7, 14/05/2022",02�28�30�43�44�55�22,48.237.615.300,4.647.230.750
"T5, 12/05/2022",09�18�24�43�44�50�15,45.524.219.700,4.345.742.350
"T3, 10/05/2022",12�18�41�43�47�51�10,43.368.051.000,4.106.168.050
"T7, 07/05/2022",15�32�33�36�43�46�31,40.960.429.950,3.838.654.600
"T5, 05/05/2022",27�29�33�39�47�53�55,38.990.566.200,3.619.780.850
"T3, 03/05/2022",01�22�38�48�49�53�42,37.087.734.000,3.408.355.050
"T7, 30/04/2022",11�23�51�52�53�54�27,35.131.524.600,3.190.998.450
"T5, 28/04/2022",08�24�25�32�37�44�03,33.412.538.550,3.162.155.150
"T3, 26/04/2022",14�22�24�25�43�49�17,31.953.142.200,5.726.646.150
"T7, 23/04/2022",03�27�36�41�49�55�18,92.575.628.850,5.509.630.350
"T5, 21/04/2022",21�24�27�34�38�42�46,87.502.919.250,4.945.995.950
"T3, 19/04/2022",02�07�13�28�29�34�39,84.160.173.900,4.574.579.800
"T7, 16/04/2022",04�08�39�41�53�55�52,80.758.885.350,4.196.658.850
"T5, 14/04/2022",01�05�09�34�37�45�52,77.809.523.700,3.868.952.000
"T3, 12/04/2022",11�18�20�22�25�40�05,75.356.765.400,3.596.423.300
"T7, 09/04/2022",02�03�19�28�42�45�12,72.264.577.800,3.252.846.900
"T5, 07/04/2022",06�14�15�25�29�32�41,69.988.955.700,4.520.183.500
"T3, 05/04/2022",05�18�26�36�43�44�45,67.331.602.650,4.224.922.050
"T7, 02/04/2022",32�38�42�44�47�55�46,64.691.708.250,3.931.600.450
"T5, 31/03/2022",05�24�34�39�42�49�16,61.525.768.350,3.579.829.350
"T3, 29/03/2022",05�11�32�35�40�52�31,58.908.623.700,3.289.035.500
"T7, 26/03/2022",01�06�16�30�34�55�29,56.307.304.200,3.506.184.300
"T5, 24/03/2022",05�09�16�35�45�46�44,53.906.255.400,3.239.401.100
"T3, 22/03/2022",01�14�18�28�47�49�22,51.751.645.500,3.778.769.900
"T7, 19/03/2022",08�20�24�37�51�55�27,49.301.038.650,3.506.480.250
"T5, 17/03/2022",01�06�12�21�37�49�53,47.074.116.000,3.259.044.400
"T3, 15/03/2022",06�14�24�28�33�52�50,44.742.716.400,4.638.079.600
"T7, 12/03/2022",12�16�18�26�30�45�36,42.568.127.400,4.396.458.600
"T5, 10/03/2022",01�03�08�16�19�36�41,40.440.003.150,4.160.000.350
"T3, 08/03/2022",03�23�25�39�47�48�55,38.675.385.750,3.963.931.750
"T7, 05/03/2022",05�12�15�25�43�48�01,36.581.622.600,3.731.291.400
"T5, 03/03/2022",04�10�16�25�26�43�52,35.512.784.850,3.612.531.650
"T3, 01/03/2022",15�19�25�42�51�53�02,33.707.650.350,3.411.961.150
"T7, 26/02/2022",05�08�30�36�49�51�18,31.793.086.200,3.199.231.800
"T5, 24/02/2022",02�15�25�30�31�32�13,78.554.607.600,3.179.091.900
"T3, 22/02/2022",09�16�19�23�25�39�04,76.942.780.500,3.945.386.250
"T7, 19/02/2022",01�11�14�33�46�48�40,74.540.296.200,3.678.443.550
"T5, 17/02/2022",05�24�40�42�46�54�03,71.367.341.700,3.325.893.050
"T3, 15/02/2022",05�07�14�24�29�36�46,68.434.304.250,3.874.619.150
"T7, 12/02/2022",04�08�12�42�44�51�41,66.252.857.250,3.632.236.150
"T5, 10/02/2022",03�15�26�35�43�52�07,63.474.225.600,3.323.499.300
"T3, 08/02/2022",12�15�21�28�32�40�43,60.562.731.900,3.868.907.300
"T7, 05/02/2022",01�17�23�29�44�45�37,57.764.215.200,3.557.961.000
"T5, 03/02/2022",13�18�22�35�42�43�03,55.150.857.750,3.267.587.950
"T7, 29/01/2022",06�10�17�23�25�38�21,52.742.566.200,5.770.706.550
"T5, 27/01/2022",01�26�31�36�40�46�28,50.363.385.150,5.506.353.100
"T3, 25/01/2022",02�16�17�20�31�51�50,47.714.037.600,5.211.981.150
"T7, 22/01/2022",02�06�16�29�37�42�22,44.903.463.150,4.899.695.100
"T5, 20/01/2022",08�21�32�34�41�46�48,42.691.966.950,4.653.973.300
"T3, 18/01/2022",06�15�16�33�41�43�51,40.661.845.500,4.428.404.250
"T7, 15/01/2022",20�26�41�46�47�48�18,38.394.271.200,4.176.451.550
"T5, 13/01/2022",07�12�17�26�37�46�28,36.143.063.400,3.926.317.350
"T3, 11/01/2022",12�25�26�28�33�46�22,34.313.096.550,3.722.987.700
"T7, 08/01/2022",06�17�37�41�48�50�13,32.041.280.550,3.470.563.700
"T5, 06/01/2022",04�08�14�21�30�49�38,40.268.451.000,3.243.754.750
"T3, 04/01/2022",11�17�22�28�39�49�43,38.074.658.250,3.897.184.250
"T7, 01/01/2022",04�25�28�32�33�55�03,35.927.361.300,3.658.595.700
"T5, 30/12/2021",09�25�27�32�37�46�23,33.605.699.250,3.400.633.250
"T3, 28/12/2021",03�08�09�40�44�48�02,32.003.504.400,3.222.611.600
"T7, 25/12/2021",06�08�23�25�33�35�27,214.130.470.800,5.386.672.700
"T5, 23/12/2021",08�22�29�43�45�54�23,204.118.789.350,4.274.263.650
"T3, 21/12/2021",23�25�28�49�52�54�44,198.581.827.350,3.659.045.650
"T7, 18/12/2021",04�06�19�26�38�41�16,192.650.416.500,3.584.772.200
"T5, 16/12/2021",19�24�30�41�43�49�55,187.387.466.700,4.132.647.400
"T3, 14/12/2021",10�16�19�24�39�50�29,182.330.633.100,3.570.777.000
"T7, 11/12/2021",08�13�17�22�42�51�45,177.193.640.100,3.541.666.050
"T5, 09/12/2021",03�14�33�40�41�50�17,172.318.645.650,3.557.945.150
"T3, 07/12/2021",04�06�22�32�34�53�41,167.297.139.300,5.081.094.900
"T7, 04/12/2021",07�09�31�32�36�49�37,162.010.540.200,4.493.695.000
"T5, 02/12/2021",06�23�28�31�44�48�14,157.547.327.700,3.997.782.500
"T3, 30/11/2021",12�21�23�28�33�46�38,152.992.255.350,3.491.663.350
"T7, 27/11/2021",02�05�07�21�31�37�44,148.567.285.200,3.920.317.800
"T5, 25/11/2021",16�18�24�29�33�41�43,144.675.020.100,3.487.843.900
"T3, 23/11/2021",05�07�09�28�38�55�50,140.284.425.000,5.255.172.900
"T7, 20/11/2021",06�10�29�30�31�51�35,136.474.196.700,4.831.814.200
"T5, 18/11/2021",18�30�32�37�39�40�10,132.079.733.400,4.343.540.500
"T3, 16/11/2021",08�19�27�34�46�51�02,127.938.125.100,3.883.361.800
"T7, 13/11/2021",18�22�29�33�46�48�37,124.370.953.500,3.487.009.400
"T5, 11/11/2021",03�35�37�41�45�49�31,119.987.868.900,3.496.750.850
"T3, 09/11/2021",12�25�26�47�51�53�16,115.517.111.250,3.956.654.050
"T7, 06/11/2021",23�31�41�48�49�51�03,111.103.646.250,3.466.269.050
"T5, 04/11/2021",05�10�15�31�32�50�28,106.907.224.800,3.853.015.000
"T3, 02/11/2021",37�38�42�46�47�55�23,103.358.105.400,3.458.668.400
"T7, 30/10/2021",31�36�40�44�50�53�11,99.230.089.800,4.205.846.300
"T5, 28/10/2021",02�04�06�13�31�35�16,95.299.509.900,3.769.115.200
"T3, 26/10/2021",21�24�29�34�39�53�20,91.883.861.400,3.389.598.700
"T7, 23/10/2021",05�11�19�26�28�33�09,88.377.473.100,3.603.944.700
"T5, 21/10/2021",03�19�32�36�41�51�35,85.964.212.650,3.335.804.650
"T3, 19/10/2021",03�09�25�29�46�50�18,82.941.970.800,3.368.671.450
"T7, 16/10/2021",09�17�22�28�50�55�07,79.623.927.750,5.168.372.250
"T5, 14/10/2021",09�21�24�30�41�44�40,76.705.906.800,4.844.147.700
"T3, 12/10/2021",14�17�31�33�42�50�40,74.329.390.200,4.580.090.300
"T7, 09/10/2021",01�22�25�38�39�54�19,71.577.732.450,4.274.350.550
"T5, 07/10/2021",06�15�21�24�45�55�46,69.234.635.100,4.014.006.400
"T3, 05/10/2021",11�16�17�19�38�43�24,67.505.291.850,3.821.857.150
"T7, 02/10/2021",05�06�22�26�49�51�32,65.583.214.500,3.608.293.000
"T5, 30/09/2021",18�23�26�32�46�49�54,64.225.888.500,3.457.479.000
"T3, 28/09/2021",07�22�25�40�49�50�37,62.152.928.850,3.227.150.150
"T7, 25/09/2021",07�20�27�43�48�51�37,60.108.577.500,4.918.411.450
"T5, 23/09/2021",06�07�21�25�27�49�26,58.649.592.000,4.756.301.950
"T3, 21/09/2021",15�24�25�40�42�50�49,56.957.293.200,4.568.268.750
"T7, 18/09/2021",03�14�15�21�47�52�54,55.092.779.850,4.361.100.600
"T5, 16/09/2021",10�16�40�43�45�46�22,53.712.030.000,4.207.683.950
"T3, 14/09/2021",17�22�30�40�43�44�41,52.091.219.550,4.027.593.900
"T7, 11/09/2021",08�17�20�36�39�44�30,50.537.868.150,3.854.999.300
"T5, 09/09/2021",06�08�10�23�39�44�43,49.639.552.050,3.755.186.400
"T3, 07/09/2021",19�30�35�43�47�55�12,48.767.588.400,3.658.301.550
"T7, 04/09/2021",11�12�32�42�43�51�31,47.578.886.400,3.526.223.550
"T5, 02/09/2021",01�08�12�26�28�45�43,46.622.870.850,3.419.999.600
"T3, 31/08/2021",07�20�37�47�51�53�05,45.716.421.900,3.319.283.050
"T7, 28/08/2021",10�16�26�27�34�48�51,44.634.669.600,3.199.088.350
"T5, 26/08/2021",11�13�20�51�53�55�04,43.714.673.400,3.096.866.550
"T3, 24/08/2021",02�04�07�18�30�35�20,42.842.874.450,4.007.094.000
"T7, 21/08/2021",22�24�27�37�38�48�14,41.956.676.850,3.908.627.600
"T5, 19/08/2021",05�09�12�20�43�51�13,41.150.223.750,3.819.021.700
"T5, 22/07/2021",02�20�24�39�46�53�55,39.750.460.500,3.663.492.450
"T3, 20/07/2021",02�08�11�13�17�26�53,38.324.690.400,3.505.073.550
"T7, 17/07/2021",02�07�11�21�31�42�45,37.267.416.300,3.387.598.650
"T5, 15/07/2021",03�04�12�16�30�50�20,36.217.440.750,3.270.934.700
"T3, 13/07/2021",05�11�18�27�34�43�42,34.794.244.200,3.112.801.750
"T7, 10/07/2021",07�08�17�37�47�48�27,33.779.028.450,4.329.562.150
"T5, 08/07/2021",03�32�34�42�44�54�35,32.676.566.250,4.207.066.350
"T3, 06/07/2021",17�20�22�24�30�54�51,31.599.710.400,4.087.415.700
"T7, 03/07/2021",04�25�30�38�50�55�53,53.571.168.300,3.909.670.100
"T5, 01/07/2021",04�15�28�30�49�52�55,51.386.104.200,3.666.885.200
"T3, 29/06/2021",05�14�24�36�44�55�48,49.383.994.350,3.444.428.550
"T7, 26/06/2021",06�16�17�20�49�52�27,47.471.485.800,3.231.927.600
"T5, 24/06/2021",03�16�17�24�41�44�37,45.384.137.400,3.579.373.100
"T3, 22/06/2021",03�09�32�33�41�43�40,43.626.698.850,3.384.102.150
"T7, 19/06/2021",01�03�07�13�28�45�33,41.652.287.400,3.164.723.100
"T5, 17/06/2021",18�23�38�41�44�55�40,40.169.779.500,3.404.733.450
"T3, 15/06/2021",11�18�21�22�30�55�35,38.329.212.900,3.200.226.050
"T7, 12/06/2021",04�16�17�20�27�44�30,36.527.178.450,3.370.405.800
"T5, 10/06/2021",11�22�24�27�43�54�45,34.760.092.350,3.174.062.900
"T3, 08/06/2021",16�28�33�41�42�54�12,33.193.526.250,3.195.783.850
"T7, 05/06/2021",14�22�25�39�41�52�17,31.431.471.600,3.159.052.400
"T5, 03/06/2021",04�08�21�24�26�47�43,58.284.817.050,3.217.550.100
"T3, 01/06/2021",06�12�14�27�43�45�38,56.326.866.150,4.452.320.650
"T7, 29/05/2021",02�11�31�37�43�55�14,54.265.804.950,4.223.313.850
"T5, 27/05/2021",03�07�18�22�40�46�14,51.898.872.000,3.960.321.300
"T3, 25/05/2021",06�10�33�35�36�43�08,49.559.884.950,3.700.433.850
"T7, 22/05/2021",15�27�37�45�46�52�31,47.353.422.000,3.455.271.300
"T5, 20/05/2021",07�10�12�19�42�54�24,45.292.426.950,3.226.271.850
"T3, 18/05/2021",06�07�22�32�38�47�27,43.255.980.300,3.412.635.650
"T7, 15/05/2021",01�05�06�13�23�27�46,41.211.747.300,3.185.498.650
"T5, 13/05/2021",13�24�25�35�39�41�29,39.542.259.450,4.617.836.050
"T3, 11/05/2021",01�14�41�44�46�53�48,37.855.593.750,4.430.428.750
"T7, 08/05/2021",14�23�26�37�42�51�40,35.832.009.000,4.205.586.000
"T5, 06/05/2021",15�19�24�31�44�53�32,34.447.913.850,4.051.797.650
"T3, 04/05/2021",07�24�45�48�49�53�14,33.098.155.950,3.901.824.550
"T7, 01/05/2021",03�07�14�22�41�42�10,31.298.624.850,3.701.876.650
"T5, 29/04/2021",03�09�23�33�42�44�50,49.475.717.850,3.557.585.000
"T3, 27/04/2021",03�09�22�26�32�37�41,48.097.092.900,3.404.404.450
"T7, 24/04/2021",01�04�05�21�25�44�45,46.116.963.300,3.184.390.050
"T5, 22/04/2021",05�11�17�25�39�48�22,44.457.452.850,3.408.882.650
"T3, 20/04/2021",18�25�38�43�47�51�11,43.029.773.850,3.250.251.650
"T7, 17/04/2021",04�15�16�29�42�46�36,40.777.509.000,3.617.048.000
"T5, 15/04/2021",05�08�27�42�47�51�36,38.923.540.050,3.411.051.450
"T3, 13/04/2021",25�33�39�45�49�55�36,37.115.385.600,3.210.145.400
"T7, 10/04/2021",12�13�16�17�27�47�49,35.224.077.000,4.190.158.850
"T5, 08/04/2021",08�11�16�22�28�30�45,33.504.099.600,3.999.050.250
"T3, 06/04/2021",27�33�34�38�46�48�05,32.069.373.600,3.839.636.250
"T7, 03/04/2021",02�04�34�38�41�55�19,141.891.526.200,3.609.705.850
"T5, 01/04/2021",13�18�24�34�38�54�08,136.404.173.550,3.553.478.250
"T3, 30/03/2021",02�11�17�19�47�51�22,131.422.869.300,3.578.628.150
"T7, 27/03/2021",05�11�17�20�26�37�12,126.215.215.950,9.548.033.850
"T5, 25/03/2021",19�20�24�29�36�39�22,121.944.966.150,9.073.561.650
"T3, 23/03/2021",09�13�17�33�34�53�31,117.790.059.900,8.611.905.400
"T7, 20/03/2021",16�18�20�25�35�36�17,113.097.886.500,8.090.552.800
"T5, 18/03/2021",17�24�38�41�46�54�51,108.239.519.100,7.550.734.200
"T3, 16/03/2021",03�31�45�46�49�54�40,103.455.782.400,7.019.207.900
"T7, 13/03/2021",07�19�20�23�36�55�09,98.550.537.600,6.474.180.700
"T5, 11/03/2021",04�05�12�25�43�44�27,95.157.557.400,6.097.182.900
"T3, 09/03/2021",15�18�29�35�47�54�20,92.543.076.300,5.806.685.000
"T7, 06/03/2021",18�24�34�39�46�55�04,89.006.712.600,5.413.755.700
"T5, 04/03/2021",02�09�21�23�33�41�45,85.415.028.150,5.014.679.650
"T3, 02/03/2021",23�29�45�46�49�51�01,82.776.283.500,4.721.485.800
"T7, 27/02/2021",06�11�24�30�50�52�22,79.232.699.100,4.327.754.200
"T5, 25/02/2021",09�19�32�40�45�51�01,76.449.418.500,4.018.500.800
"T3, 23/02/2021",16�19�21�23�30�48�06,73.652.565.000,3.707.739.300
"T7, 20/02/2021",01�02�04�32�34�39�20,70.245.519.600,3.329.178.700
"T5, 18/02/2021",02�05�10�22�26�47�53,67.282.911.300,4.126.719.700
"T3, 16/02/2021",04�10�11�21�23�44�50,64.678.866.600,3.837.381.400
"T7, 13/02/2021",03�11�14�31�34�42�24,62.441.824.800,3.588.821.200
"T3, 09/02/2021",15�20�21�29�31�41�34,59.715.062.850,3.285.847.650
"T7, 06/02/2021",06�22�32�33�35�53�12,57.142.434.000,6.176.105.900
"T5, 04/02/2021",28�43�44�50�51�53�13,54.561.200.700,5.889.302.200
"T3, 02/02/2021",04�13�31�36�40�54�30,51.862.051.650,5.589.396.750
"T7, 30/01/2021",02�07�17�18�21�29�19,49.303.866.450,5.305.153.950
"T5, 28/01/2021",03�04�16�34�40�55�02,47.149.347.450,5.065.762.950
"T3, 26/01/2021",07�16�32�42�44�47�35,44.953.625.550,4.821.793.850
"T7, 23/01/2021",12�31�39�41�45�55�34,42.744.858.150,4.576.375.250
"T5, 21/01/2021",09�20�22�31�47�52�18,40.652.627.700,4.343.905.200
"T3, 19/01/2021",05�22�25�43�48�53�18,38.752.446.450,4.132.773.950
"T7, 16/01/2021",13�15�28�29�32�44�49,36.663.441.600,3.900.662.300
"T5, 14/01/2021",01�04�42�44�46�50�09,35.114.389.950,3.728.545.450
"T3, 12/01/2021",19�23�29�34�44�53�35,33.350.143.800,3.532.518.100
"T7, 09/01/2021",10�19�24�29�46�48�05,31.590.120.000,3.336.959.900
"T5, 07/01/2021",07�11�22�38�48�51�53,34.330.228.050,3.160.279.900
"T3, 05/01/2021",05�07�09�22�42�54�47,32.887.708.950,3.911.224.400
"T7, 02/01/2021",07�19�23�26�35�45�11,31.214.532.450,3.725.315.900
"T5, 31/12/2020",02�15�25�27�37�51�53,81.778.372.050,3.590.367.850
"T3, 29/12/2020",04�08�11�15�17�41�23,79.249.782.900,3.309.413.500
"T7, 26/12/2020",01�24�33�41�43�51�48,76.465.061.400,3.570.655.700
"T5, 24/12/2020",11�19�34�41�44�48�43,73.684.926.750,3.261.751.850
"T3, 22/12/2020",10�11�16�29�35�38�03,71.329.160.100,4.265.037.300
"T7, 19/12/2020",14�20�32�34�37�49�31,69.054.094.650,4.012.252.250
"T5, 17/12/2020",15�25�27�35�40�48�45,66.665.164.800,3.746.815.600
"T3, 15/12/2020",10�11�13�35�38�49�14,64.462.833.300,3.502.112.100
"T7, 12/12/2020",03�14�32�36�41�46�54,62.117.400.450,3.241.508.450
"T5, 10/12/2020",03�31�34�36�44�54�45,59.943.824.400,3.227.253.650
"T3, 08/12/2020",02�17�32�33�38�45�37,57.898.541.550,3.458.370.950
"T7, 05/12/2020",10�28�29�30�37�38�36,55.474.428.900,3.189.025.100
"T5, 03/12/2020",05�19�32�41�42�45�17,53.773.203.000,3.203.276.400
"T3, 01/12/2020",06�10�12�24�34�43�15,51.943.715.400,4.559.367.200
"T7, 28/11/2020",01�20�36�44�45�49�52,50.218.452.300,4.367.671.300
"T5, 26/11/2020",18�19�29�31�36�52�50,48.189.077.850,4.142.185.250
"T3, 24/11/2020",04�07�19�20�22�53�23,46.305.971.850,3.932.951.250
"T7, 21/11/2020",08�14�19�20�49�51�28,44.600.432.700,3.743.446.900
"T5, 19/11/2020",12�15�23�28�45�48�43,42.989.314.350,3.564.433.750
"T3, 17/11/2020",06�17�27�34�36�51�48,41.486.427.300,3.397.446.300
"T7, 14/11/2020",05�11�15�34�44�48�35,39.485.472.600,3.175.118.000
"T5, 12/11/2020",04�20�22�25�43�47�12,37.909.410.600,4.166.004.300
"T3, 10/11/2020",02�05�19�39�48�53�06,36.119.658.000,3.967.142.900
"T7, 07/11/2020",12�28�30�33�45�52�15,34.338.855.450,3.769.275.950
"T5, 05/11/2020",01�02�06�18�34�51�52,32.835.526.500,3.602.239.400
"T3, 03/11/2020",02�22�27�46�48�52�23,31.591.665.750,3.464.032.650
"T7, 31/10/2020",08�18�19�20�43�54�50,31.074.947.850,3.287.180.900
"T5, 29/10/2020",09�11�14�16�21�23�54,50.690.711.550,3.167.742.250
"T3, 27/10/2020",03�31�33�36�38�39�08,49.181.031.300,3.589.227.950
"T7, 24/10/2020",12�21�22�27�41�50�34,47.360.481.150,3.386.944.600
"T5, 22/10/2020",02�03�12�21�24�38�14,45.421.905.900,3.171.547.350
"T3, 20/10/2020",08�33�38�47�49�54�31,43.877.979.750,3.736.653.450
"T7, 17/10/2020",03�14�25�37�49�54�53,41.911.723.200,3.518.180.500
"T5, 15/10/2020",08�38�41�47�50�52�45,40.405.919.700,3.350.869.000
"T3, 13/10/2020",12�19�28�29�52�53�20,38.731.559.700,3.164.829.000
"T7, 10/10/2020",05�10�47�50�53�54�22,37.248.098.700,3.971.449.700
"T5, 08/10/2020",10�18�20�21�26�51�52,35.567.089.050,3.784.670.850
"T3, 06/10/2020",11�14�29�32�33�40�35,34.116.310.200,3.623.473.200
"T7, 03/10/2020",12�14�22�23�39�44�28,32.504.337.750,3.444.365.150
"T5, 01/10/2020",03�06�07�19�38�54�50,31.064.969.100,3.284.435.300
"T3, 29/09/2020",01�06�07�13�30�55�34,59.665.659.600,3.166.105.400
"T7, 26/09/2020",07�10�13�15�40�48�01,58.170.711.000,3.561.709.150
"T5, 24/09/2020",12�28�41�42�52�53�50,56.419.684.950,3.367.150.700
"T3, 22/09/2020",05�08�15�18�36�45�06,54.648.797.700,3.170.385.450
"T7, 19/09/2020",04�07�08�29�31�41�38,53.115.328.650,3.600.520.850
"T5, 17/09/2020",01�05�28�43�44�53�49,51.498.833.700,3.420.910.300
"T3, 15/09/2020",13�14�15�17�26�53�21,49.600.925.850,3.210.031.650
"T7, 12/09/2020",20�21�24�30�31�44�40,47.710.641.000,3.356.073.700
"T5, 10/09/2020",18�25�27�37�45�50�52,46.002.032.400,3.166.228.300
"T3, 08/09/2020",22�47�48�52�53�55�14,44.505.977.700,3.738.333.950
"T7, 05/09/2020",09�12�19�22�31�46�20,42.646.878.750,3.531.767.400
"T5, 03/09/2020",07�09�18�22�35�54�50,41.084.669.100,3.358.188.550
"T3, 01/09/2020",11�22�24�47�49�53�03,39.735.698.700,3.208.302.950
"T7, 29/08/2020",01�04�14�28�35�53�02,37.860.972.150,4.346.520.200
"T3, 25/08/2020",21�35�36�38�44�47�14,36.268.263.300,4.169.552.550
"T7, 22/08/2020",01�20�24�26�35�51�12,34.552.193.700,3.978.878.150
"T5, 20/08/2020",14�18�28�32�33�36�41,33.007.974.150,3.807.298.200
"T3, 18/08/2020",22�41�44�46�51�52�02,31.594.148.400,3.650.206.450
"T7, 15/08/2020",01�11�29�30�41�51�04,40.602.347.850,3.473.078.850
"T5, 13/08/2020",03�25�28�44�49�54�19,39.086.174.100,3.304.615.100
"T3, 11/08/2020",02�12�33�39�52�53�44,37.842.198.150,3.166.395.550
"T7, 08/08/2020",03�12�24�26�36�43�08,36.344.638.200,3.704.959.800
"T5, 06/08/2020",02�05�21�24�26�27�11,35.484.039.300,3.609.337.700
"T3, 04/08/2020",10�15�20�21�32�51�08,34.160.517.300,3.462.279.700
"T7, 01/08/2020",13�18�29�30�40�47�04,32.664.333.450,3.296.037.050
"T5, 30/07/2020",06�07�16�26�29�54�04,31.179.786.600,3.131.087.400
"T3, 28/07/2020",03�11�20�34�44�54�16,108.125.269.950,6.969.310.000
"T7, 25/07/2020",02�19�21�34�54�55�24,102.347.224.500,6.327.304.950
"T5, 23/07/2020",04�12�31�47�49�52�02,97.175.363.250,5.752.653.700
"T3, 21/07/2020",06�14�31�37�38�44�04,91.825.726.800,5.158.249.650
"T7, 18/07/2020",03�13�22�28�30�53�16,86.441.982.150,4.560.055.800
"T5, 16/07/2020",02�05�11�20�24�32�06,82.008.822.450,4.067.482.500
"T3, 14/07/2020",05�22�32�34�43�51�12,77.917.521.900,3.612.893.550
"T7, 11/07/2020",03�04�06�14�20�38�35,74.543.157.300,3.237.964.150
"T5, 09/07/2020",03�10�11�17�26�54�21,72.401.479.950,3.472.460.950
"T3, 07/07/2020",07�24�32�35�48�50�01,70.362.637.500,3.245.922.900
"T7, 04/07/2020",03�09�10�18�29�45�36,68.149.331.400,3.853.016.050
"T5, 02/07/2020",04�10�20�38�48�53�05,66.366.603.300,3.654.935.150
"T3, 30/06/2020",05�11�18�19�20�21�52,64.312.813.650,3.426.736.300
"T7, 27/06/2020",02�06�38�47�50�53�14,62.496.583.500,3.224.932.950
"T5, 25/06/2020",09�10�12�19�27�40�55,60.472.186.950,3.613.345.900
"T3, 23/06/2020",02�18�28�46�52�54�19,58.805.962.050,3.428.209.800
"T7, 20/06/2020",05�09�33�43�44�50�46,56.914.961.250,3.218.098.600
"T5, 18/06/2020",05�18�27�45�50�54�09,54.952.073.850,3.122.220.850
"T3, 16/06/2020",02�15�16�23�33�54�45,53.852.086.200,3.735.115.200
"T7, 13/06/2020",07�09�11�30�43�53�10,52.151.425.050,3.546.152.850
"T5, 11/06/2020",03�21�25�32�35�52�34,50.713.813.200,3.386.418.200
"T3, 09/06/2020",01�03�08�22�42�48�44,49.186.580.250,3.216.725.650
"T7, 06/06/2020",08�12�24�32�35�51�21,47.236.049.400,7.251.116.250
"T5, 04/06/2020",06�12�16�34�39�54�19,45.728.364.900,7.083.595.750
"T3, 02/06/2020",04�19�31�42�48�55�22,44.372.894.250,6.932.987.900
"T7, 30/05/2020",12�13�41�42�48�53�20,42.364.771.950,6.709.863.200
"T5, 28/05/2020",01�04�08�21�44�49�52,40.722.802.950,6.527.422.200
"T3, 26/05/2020",11�12�23�24�34�47�43,39.110.032.200,6.348.225.450
"T7, 23/05/2020",04�13�27�47�50�55�31,37.457.550.750,6.164.616.400
"T5, 21/05/2020",02�15�22�25�30�46�10,35.786.056.800,5.978.894.850
"T3, 19/05/2020",05�15�16�19�49�55�03,34.151.397.600,5.797.266.050
"T7, 16/05/2020",19�35�38�49�52�55�01,32.685.784.500,5.634.420.150
"T5, 14/05/2020",07�23�29�47�51�55�12,31.171.245.600,5.466.138.050
"T3, 12/05/2020",01�08�25�34�38�44�28,192.141.839.100,5.335.999.650
"T7, 09/05/2020",18�19�30�39�45�46�11,183.593.994.150,4.386.239.100
"T5, 07/05/2020",09�19�28�30�32�54�22,175.919.619.900,3.533.530.850
"T3, 05/05/2020",01�04�13�15�18�20�22,171.117.842.250,4.915.251.500
"T7, 02/05/2020",02�06�09�16�43�53�19,163.627.248.450,4.082.963.300
"T5, 30/04/2020",12�31�32�33�39�41�14,157.535.203.350,3.406.069.400
"T3, 28/04/2020",04�06�10�16�30�46�34,153.880.578.750,4.167.848.001
"T7, 25/04/2020",04�18�24�30�53�55�13,147.103.949.100,3.414.889.150
"T3, 31/03/2020",12�19�40�41�43�53�23,143.369.946.750,3.643.539.800
"T7, 28/03/2020",01�10�11�13�27�55�19,137.578.088.550,8.574.074.450
"T5, 26/03/2020",07�08�11�31�35�36�45,130.391.512.500,7.775.566.000
"T3, 24/03/2020",03�09�20�21�33�52�50,123.683.187.000,7.030.196.500
"T7, 21/03/2020",10�12�14�17�29�53�25,116.918.632.650,6.278.579.350
"T5, 19/03/2020",03�35�41�42�43�49�31,110.372.538.000,5.551.235.500
"T3, 17/03/2020",01�14�18�43�49�50�08,104.401.521.300,4.887.789.200
"T7, 14/03/2020",12�20�25�38�39�40�37,98.660.027.100,4.249.845.400
"T5, 12/03/2020",02�14�19�24�27�34�48,93.827.290.800,3.712.874.700
"T3, 10/03/2020",23�25�30�36�45�52�53,89.968.227.600,3.284.089.900
"T7, 07/03/2020",05�11�21�30�40�48�20,87.411.418.500,3.761.291.650
"T5, 05/03/2020",08�09�34�40�41�54�13,83.145.846.450,3.287.339.200
"T3, 03/03/2020",14�15�31�40�43�49�12,80.559.793.650,5.964.207.600
"T7, 29/02/2020",09�17�23�26�51�54�32,75.711.825.300,5.425.544.450
"T5, 27/02/2020",03�11�21�29�47�55�50,73.148.581.650,5.140.739.600
"T3, 25/02/2020",05�13�21�36�39�48�06,71.004.697.950,4.902.530.300
"T7, 22/02/2020",07�24�32�49�51�54�44,68.557.422.900,4.630.610.850
"T5, 20/02/2020",01�03�20�33�36�51�49,66.299.572.650,4.379.738.600
"T3, 18/02/2020",27�32�36�37�47�48�50,64.111.378.350,4.136.605.900
"T7, 15/02/2020",26�36�37�38�42�49�46,61.707.788.850,3.869.540.400
"T5, 13/02/2020",25�28�32�34�35�39�07,59.497.631.400,3.623.967.350
"T3, 11/02/2020",04�14�18�21�32�53�02,57.387.718.200,3.389.532.550
"T7, 08/02/2020",09�12�19�25�41�54�38,55.406.377.200,3.169.383.550
"T5, 06/02/2020",13�18�34�36�45�49�37,53.881.925.250,3.660.378.200
"T3, 04/02/2020",06�10�20�47�52�55�46,52.092.567.750,3.461.560.700
"T7, 01/02/2020",02�03�11�23�35�54�06,49.743.734.700,3.200.579.250
"T5, 30/01/2020",12�18�28�30�47�50�41,47.938.521.450,3.610.751.850
"T3, 28/01/2020",01�20�24�33�40�55�46,45.952.786.650,3.390.114.650
"T5, 23/01/2020",09�15�18�25�31�49�46,44.100.944.850,3.184.354.450
"T3, 21/01/2020",14�31�45�47�52�54�13,42.441.754.800,6.030.452.650
"T7, 18/01/2020",13�18�19�23�32�43�11,40.085.895.450,5.768.690.500
"T5, 16/01/2020",10�11�26�33�44�46�55,38.298.729.900,5.570.116.550
"T3, 14/01/2020",03�04�17�39�50�51�53,36.634.873.800,5.385.243.650
"T7, 11/01/2020",08�11�17�19�25�47�53,34.734.762.300,5.174.120.150
"T5, 09/01/2020",17�20�21�29�52�54�51,33.409.526.250,5.026.871.700
"T3, 07/01/2020",08�11�16�22�42�54�13,31.673.873.550,4.834.021.400
"T7, 04/01/2020",04�14�26�42�44�55�48,111.099.202.950,4.648.035.450
"T5, 02/01/2020",12�14�26�29�33�40�50,108.639.141.150,4.374.695.250
"T3, 31/12/2019",02�22�26�28�44�55�27,105.104.974.350,3.982.010.050
"T7, 28/12/2019",10�17�26�28�29�32�21,101.245.855.800,3.553.219.100
"T5, 26/12/2019",05�06�12�18�23�54�26,98.509.997.550,3.249.234.850
"T3, 24/12/2019",03�16�30�34�50�55�48,96.266.883.900,4.100.571.850
"T7, 21/12/2019",05�08�20�34�37�42�51,93.381.149.550,3.779.934.700
"T5, 19/12/2019",18�22�25�28�29�34�50,91.007.696.550,3.516.217.700
"T3, 17/12/2019",04�05�14�19�22�37�43,88.681.195.200,3.257.717.550
"T7, 14/12/2019",03�30�33�34�40�47�26,86.361.737.250,4.724.065.750
"T5, 12/12/2019",01�09�15�42�49�50�48,83.862.112.800,4.446.329.700
"T3, 10/12/2019",05�20�33�42�43�49�26,81.294.373.650,4.161.025.350
"T7, 07/12/2019",07�18�38�42�47�51�08,78.697.118.100,3.872.441.400
"T5, 05/12/2019",09�11�16�27�35�40�51,76.939.767.750,3.677.180.250
"T3, 03/12/2019",21�29�36�41�50�52�42,75.051.358.950,3.467.357.050
"T7, 30/11/2019",08�09�10�32�44�50�15,72.655.918.050,3.201.196.950
"T5, 28/11/2019",01�18�26�28�53�55�14,70.845.145.500,3.209.152.250
"T3, 26/11/2019",07�19�38�41�42�47�04,68.962.775.250,1.645.004.350
"T7, 23/11/2019",07�29�30�45�50�55�15,66.837.919.800,4.698.918.000
"T5, 21/11/2019",21�24�35�38�42�47�34,64.726.581.900,4.464.324.900
"T3, 19/11/2019",19�21�33�35�38�40�04,62.562.161.550,4.223.833.750
"T7, 16/11/2019",06�08�18�22�49�52�10,60.416.984.100,3.985.480.700
"T5, 14/11/2019",09�12�16�36�41�55�35,58.593.943.200,3.782.920.600
"T3, 12/11/2019",10�17�24�27�36�39�33,56.779.236.300,3.581.286.500
"T7, 09/11/2019",01�03�06�25�29�41�12,55.018.617.150,3.385.662.150
"T5, 07/11/2019",01�12�19�37�44�52�18,53.142.153.150,3.177.166.150
"T3, 05/11/2019",03�06�16�17�44�50�28,51.547.657.800,5.241.750.900
"T7, 02/11/2019",02�15�34�35�48�50�32,49.723.313.700,5.039.046.000
"T5, 31/10/2019",18�19�22�37�47�48�46,48.060.708.600,4.854.312.100
"T3, 29/10/2019",12�15�16�31�43�55�11,46.241.529.150,4.652.181.050
"T7, 26/10/2019",18�20�22�50�51�53�35,44.324.971.050,4.439.230.150
"T5, 24/10/2019",09�14�23�41�45�50�13,42.764.346.750,4.265.827.450
"T3, 22/10/2019",02�16�26�27�36�40�31,41.541.604.500,4.129.967.200
"T7, 19/10/2019",01�10�21�26�42�43�25,39.917.681.400,3.949.531.300
"T5, 17/10/2019",05�11�14�34�51�53�16,38.474.598.450,3.789.188.750
"T3, 15/10/2019",09�12�29�46�48�53�03,36.880.715.100,3.612.090.600
"T7, 12/10/2019",21�39�48�51�53�55�05,35.556.777.750,3.464.986.450
"T5, 10/10/2019",04�17�42�51�53�55�29,34.070.500.650,3.299.844.550
"T3, 08/10/2019",08�36�39�43�48�50�40,32.751.516.900,3.153.290.800
"T7, 05/10/2019",10�29�30�31�37�51�50,31.371.899.700,3.359.683.250
"T5, 03/10/2019",04�07�08�26�37�44�29,80.834.053.800,3.207.249.950
"T3, 01/10/2019",05�22�38�41�47�49�29,78.968.804.250,4.610.358.600
"T7, 28/09/2019",04�08�21�23�40�43�44,76.640.721.150,4.351.682.700
"T5, 26/09/2019",07�12�38�43�51�55�15,74.541.701.100,4.118.458.250
"T3, 24/09/2019",12�33�39�40�48�53�35,72.724.240.650,3.916.518.200
"T7, 21/09/2019",02�05�23�30�42�45�34,70.806.645.750,3.703.452.100
"T5, 19/09/2019",02�08�22�34�39�41�13,69.277.580.400,3.533.555.950
"T3, 17/09/2019",03�14�26�38�43�47�10,67.885.940.550,3.378.929.300
"T7, 14/09/2019",10�36�42�44�45�54�14,66.202.794.750,3.191.913.100
"T5, 12/09/2019",18�29�32�33�45�49�40,64.475.576.850,3.179.297.550
"T3, 10/09/2019",06�09�19�39�50�54�37,62.861.898.900,4.443.960.950
"T7, 07/09/2019",07�17�31�35�38�46�16,61.549.528.800,4.298.142.050
"T5, 05/09/2019",20�24�27�30�33�45�21,60.028.396.500,4.129.127.350
"T3, 03/09/2019",13�14�29�35�41�55�25,58.394.904.150,3.947.628.200
"T7, 31/08/2019",13�20�23�32�51�52�42,56.692.930.350,3.758.520.000
"T5, 29/08/2019",10�11�12�23�27�48�09,54.916.559.850,3.561.145.500
"T3, 27/08/2019",16�22�29�33�46�47�55,53.375.693.250,3.389.938.100
"T7, 24/08/2019",19�20�34�40�49�51�01,51.577.194.000,3.190.104.850
"T5, 22/08/2019",04�07�16�17�30�39�27,49.866.250.350,4.174.804.800
"T3, 20/08/2019",10�30�38�48�54�55�46,48.546.543.000,4.028.170.650
"T7, 17/08/2019",09�11�24�26�38�53�41,46.901.064.450,3.845.339.700
"T5, 15/08/2019",19�25�31�32�39�47�08,45.290.687.700,3.666.408.950
"T3, 13/08/2019",04�08�16�27�32�40�23,43.839.772.950,3.505.196.200
"T7, 10/08/2019",07�17�36�42�43�50�44,42.504.716.100,3.356.856.550
"T5, 08/08/2019",01�06�17�18�21�41�22,40.878.482.250,3.176.163.900
"T3, 06/08/2019",09�11�19�20�26�42�17,39.293.007.150,4.032.556.350
"T7, 03/08/2019",13�24�25�26�27�30�04,38.078.447.700,3.897.605.300
"T5, 01/08/2019",01�18�39�45�48�49�26,36.751.522.800,3.750.169.200
"T3, 30/07/2019",03�08�12�21�32�51�07,35.273.732.250,3.585.970.250
"T7, 27/07/2019",02�03�25�33�44�50�17,33.976.192.350,3.441.799.150
"T5, 25/07/2019",03�31�34�41�52�53�16,32.670.348.600,3.296.705.400
"T3, 23/07/2019",05�10�21�32�39�52�41,31.304.538.750,3.144.948.750
"T7, 20/07/2019",15�18�25�32�42�52�10,99.612.417.000,4.018.882.600
"T5, 18/07/2019",04�24�29�31�39�41�38,97.303.702.800,3.762.358.800
"T3, 16/07/2019",04�12�19�31�33�40�51,94.600.472.250,3.461.999.850
"T7, 13/07/2019",05�23�29�45�50�52�01,92.278.133.400,3.203.962.200
"T5, 11/07/2019",06�09�15�26�35�38�34,90.442.473.600,4.368.840.150
"T3, 09/07/2019",04�17�25�40�42�51�02,88.891.229.550,4.196.479.700
"T7, 06/07/2019",05�29�36�39�46�53�48,86.460.678.750,3.926.418.500
"T5, 04/07/2019",04�05�14�46�52�54�03,84.311.080.050,3.687.574.200
"T3, 02/07/2019",02�09�33�45�52�54�01,82.181.480.700,3.450.952.050
"T7, 29/06/2019",06�10�19�31�34�43�37,79.909.429.350,3.198.501.900
"T5, 27/06/2019",09�29�32�44�49�53�05,78.122.912.250,4.530.368.650
"T3, 25/06/2019",03�14�34�35�40�49�23,76.160.770.950,4.312.352.950
"T7, 22/06/2019",01�09�23�28�42�54�49,73.896.412.800,4.060.757.600
"T5, 20/06/2019",09�15�23�41�49�51�52,71.915.836.350,3.840.693.550
"T3, 18/06/2019",24�31�45�46�47�54�04,70.095.625.050,3.638.447.850
"T7, 15/06/2019",13�23�40�45�52�55�09,67.915.717.950,3.396.235.950
"T5, 13/06/2019",06�09�15�22�29�53�25,65.946.387.450,3.177.421.450
"T3, 11/06/2019",02�05�13�20�30�49�35,64.349.594.400,4.397.402.900
"T7, 08/06/2019",02�08�10�23�27�35�47,62.484.145.050,4.190.130.750
"T5, 06/06/2019",10�13�30�36�51�54�16,60.811.500.000,4.004.281.300
"T3, 04/06/2019",18�20�24�26�33�41�55,59.020.828.950,3.805.317.850
"T7, 01/06/2019",10�24�31�41�42�47�20,56.962.077.600,3.576.567.700
"T5, 30/05/2019",17�31�33�34�37�40�35,55.166.476.800,3.377.056.500
"T3, 28/05/2019",15�22�31�32�33�37�51,53.501.940.750,3.192.108.050
"T7, 25/05/2019",04�12�35�44�50�55�19,51.772.968.300,4.511.876.700
"T5, 23/05/2019",13�21�33�42�53�55�44,50.248.806.150,4.342.525.350
"T3, 21/05/2019",11�12�29�31�37�53�41,48.503.567.100,4.148.609.900
"T7, 18/05/2019",06�10�13�18�29�38�53,46.636.259.700,3.941.131.300
"T5, 16/05/2019",08�28�30�33�40�43�24,45.292.760.400,3.791.853.600
"T3, 14/05/2019",06�11�15�21�30�40�10,43.647.956.850,3.609.097.650
"T7, 11/05/2019",06�11�20�22�26�28�36,42.030.094.350,3.429.335.150
"T5, 09/05/2019",19�21�48�49�54�55�27,40.648.074.600,3.275.777.400
"T3, 07/05/2019",03�06�07�08�09�49�24,39.120.897.000,3.106.091.000
"T7, 04/05/2019",02�03�26�53�17�01�50,38.166.078.000,3.907.342.000
"T5, 02/05/2019",02�10�16�17�33�36�20,36.699.868.650,3.744.429.850
"T3, 30/04/2019",03�05�13�40�41�45�52,35.412.222.450,3.601.358.050
"T7, 27/04/2019",01�11�22�26�33�51�04,34.252.173.750,3.472.463.750
"T5, 25/04/2019",16�22�23�33�36�38�45,32.860.128.000,3.317.792.000
"T3, 23/04/2019",20�21�22�31�43�45�30,31.616.504.400,3.179.611.600
"T7, 20/04/2019",08�10�12�24�40�44�51,119.957.842.650,4.699.731.700
"T5, 18/04/2019",07�08�15�24�26�48�10,117.272.637.300,4.401.375.550
"T3, 16/04/2019",16�29�32�33�52�53�05,114.222.823.500,4.062.507.350
"T7, 13/04/2019",09�13�20�21�36�43�32,110.883.292.950,3.691.448.400
"T5, 11/04/2019",01�08�31�32�37�55�53,107.805.747.000,3.349.498.850
"T3, 09/04/2019",10�14�19�36�48�49�03,104.660.257.350,3.705.261.050
"T7, 06/04/2019",01�20�30�41�46�50�48,101.454.269.700,3.349.040.200
"T5, 04/04/2019",16�26�29�38�47�51�13,98.312.907.900,3.597.381.000
"T3, 02/04/2019",01�04�09�20�22�26�48,95.702.711.250,3.307.359.150
"T7, 30/03/2019",03�15�18�35�50�54�32,92.936.478.900,3.564.575.350
"T5, 28/03/2019",03�23�37�43�44�49�27,90.282.744.300,3.269.715.950
"T3, 26/03/2019",15�19�28�40�44�48�14,87.855.300.750,4.377.501.800
"T7, 23/03/2019",03�09�30�41�46�52�22,85.400.833.350,4.104.783.200
"T5, 21/03/2019",07�18�32�42�46�53�28,82.774.946.550,3.813.018.000
"T3, 19/03/2019",08�28�32�35�40�45�34,80.316.793.200,3.539.889.850
"T7, 16/03/2019",10�18�22�24�35�40�53,77.924.209.350,3.274.047.200
"T5, 14/03/2019",18�21�25�35�44�53�04,75.457.784.550,3.267.720.100
"T3, 12/03/2019",09�16�26�34�44�49�19,73.048.303.650,3.293.307.650
"T7, 09/03/2019",18�24�31�34�35�44�52,70.408.534.800,3.917.427.600
"T5, 07/03/2019",02�14�20�33�41�47�27,68.424.485.250,3.696.977.650
"T3, 05/03/2019",01�15�23�51�53�55�26,66.291.315.150,3.459.958.750
"T7, 02/03/2019",01�02�03�20�46�48�31,64.196.433.750,3.227.194.150
"T5, 28/02/2019",04�15�19�34�40�42�49,62.151.686.400,3.659.927.700
"T3, 26/02/2019",08�09�16�34�42�43�45,60.260.695.050,3.449.817.550
"T7, 23/02/2019",16�19�30�39�43�52�21,58.168.007.850,3.217.296.750
"T5, 21/02/2019",03�10�11�15�29�34�50,56.212.337.100,6.360.507.100
"T3, 19/02/2019",12�18�22�29�32�52�51,54.466.250.250,6.166.497.450
"T7, 16/02/2019",05�08�14�28�37�40�41,52.474.074.150,5.945.144.550
"T5, 14/02/2019",08�15�26�41�43�53�46,50.622.710.700,5.739.437.500
"T3, 12/02/2019",01�12�17�34�48�49�47,48.334.463.400,5.485.187.800
"T7, 09/02/2019",02�14�15�44�46�50�18,46.036.778.250,5.229.889.450
"T5, 07/02/2019",20�27�28�32�47�50�41,44.397.880.500,5.047.789.700
"T7, 02/02/2019",11�23�27�35�36�46�37,42.935.678.850,4.885.322.850
"T5, 31/01/2019",10�19�20�28�34�44�29,41.293.427.700,4.702.850.500
"T3, 29/01/2019",15�20�26�41�45�55�10,39.668.776.950,4.522.333.750
"T7, 26/01/2019",20�27�33�43�53�54�48,37.689.645.000,4.302.430.200
"T5, 24/01/2019",31�35�38�44�49�55�24,36.240.081.150,4.141.367.550
"T3, 22/01/2019",01�14�22�40�52�55�21,34.615.289.550,3.960.835.150
"T7, 19/01/2019",13�29�42�46�51�53�36,32.903.474.700,3.770.633.500
"T5, 17/01/2019",13�14�22�34�35�55�54,31.343.414.700,3.597.293.500
"T3, 15/01/2019",04�06�13�22�29�30�52,77.234.333.700,3.448.025.200
"T7, 12/01/2019",07�13�14�26�42�54�11,74.780.896.800,3.175.421.100
"T5, 10/01/2019",12�22�31�35�40�47�08,73.202.106.900,3.519.027.500
"T3, 08/01/2019",03�05�09�11�45�48�40,70.875.624.450,3.260.529.450
"T7, 05/01/2019",10�11�38�47�53�55�51,68.530.859.400,3.451.848.750
"T5, 03/01/2019",23�31�37�45�49�54�18,66.387.325.800,3.213.678.350
"T3, 01/01/2019",02�19�21�27�37�46�12,64.464.220.650,3.655.801.500
"T7, 29/12/2018",08�36�42�43�50�52�30,62.343.118.200,3.420.123.450
"T5, 27/12/2018",05�20�33�42�43�50�40,60.350.101.500,3.198.677.150
"T3, 25/12/2018",03�09�17�21�23�51�15,58.562.007.150,3.763.148.550
"T7, 22/12/2018",03�08�16�35�39�52�29,56.763.061.950,3.563.265.750
"T5, 20/12/2018",08�17�24�33�34�44�55,55.116.976.800,3.380.367.400
"T3, 18/12/2018",01�09�15�17�25�26�08,53.457.332.700,3.195.962.500
"T7, 15/12/2018",14�17�49�52�53�55�12,51.693.670.200,4.500.296.150
"T5, 13/12/2018",02�11�14�36�49�55�53,49.539.451.350,4.260.938.500
"T3, 11/12/2018",01�05�11�37�39�44�31,47.620.664.400,4.047.739.950
"T7, 08/12/2018",03�06�09�31�48�54�53,45.711.703.650,3.835.633.200
"T5, 06/12/2018",09�13�23�27�39�42�49,43.892.386.050,3.633.486.800
"T3, 04/12/2018",10�13�16�23�30�49�24,42.768.578.550,3.508.619.300
"T7, 01/12/2018",03�05�12�20�25�33�41,40.936.775.250,3.305.085.600
"T5, 29/11/2018",10�23�27�42�51�52�20,39.994.410.450,3.200.378.400
"T3, 27/11/2018",03�05�23�28�35�44�08,38.191.004.850,3.290.607.600
"T7, 24/11/2018",03�10�11�25�40�54�17,36.820.442.100,3.138.322.850
"T5, 22/11/2018",17�22�24�28�37�44�06,35.575.536.450,3.984.511.300
"T3, 20/11/2018",09�23�33�40�44�49�17,34.256.649.000,3.837.968.250
"T7, 17/11/2018",12�22�26�29�45�47�15,32.831.024.250,3.679.565.500
"T5, 15/11/2018",13�16�21�40�49�52�54,31.465.133.850,3.527.799.900
"T3, 13/11/2018",03�25�26�32�41�47�05,41.305.528.200,3.365.007.250
"T7, 10/11/2018",03�05�19�22�29�39�15,39.307.347.750,3.142.987.200
"T5, 08/11/2018",22�28�31�39�52�53�14,38.020.462.950,5.236.233.250
"T3, 06/11/2018",19�22�23�43�47�53�03,36.334.813.350,5.048.938.850
"T7, 03/11/2018",14�17�20�23�25�45�34,34.340.501.100,4.827.348.600
"T5, 01/11/2018",03�11�15�42�44�54�41,32.839.102.200,4.660.526.500
"T3, 30/10/2018",01�12�22�27�30�39�46,31.358.509.500,4.496.016.200
"T7, 27/10/2018",08�09�15�21�44�49�16,96.756.562.650,4.345.070.700
"T5, 25/10/2018",16�23�29�31�45�48�19,94.362.451.050,4.079.058.300
"T3, 23/10/2018",01�03�06�13�21�30�36,91.712.411.850,3.784.609.500
"T7, 20/10/2018",02�05�10�17�35�41�21,89.122.986.750,3.496.895.600
"T5, 18/10/2018",01�11�22�34�42�47�30,86.856.031.200,3.245.011.650
"T3, 16/10/2018",05�28�29�34�42�46�17,84.650.926.350,4.933.501.500
"T7, 13/10/2018",12�21�23�44�47�48�43,82.070.152.050,4.646.748.800
"T5, 11/10/2018",05�16�17�37�46�49�35,79.704.990.300,4.383.953.050
"T3, 09/10/2018",10�27�46�50�51�55�01,77.724.187.950,4.163.863.900
"T7, 06/10/2018",05�06�16�42�48�51�03,75.218.555.100,3.885.460.250
"T5, 04/10/2018",03�09�12�17�34�42�46,72.901.033.500,3.627.957.850
"T3, 02/10/2018",03�07�28�32�33�37�22,71.233.011.300,3.442.622.050
"T7, 29/09/2018",03�07�12�32�34�55�38,69.155.020.650,3.211.734.200
"T5, 27/09/2018",08�12�29�35�51�54�34,67.249.412.850,3.213.103.350
"T3, 25/09/2018",02�03�06�13�14�17�09,65.331.482.700,3.884.290.450
"T7, 22/09/2018",01�08�17�28�40�50�21,63.494.160.150,3.680.143.500
"T5, 20/09/2018",03�32�35�46�47�49�51,61.507.022.700,3.459.350.450
"T3, 18/09/2018",08�21�32�43�48�53�38,59.535.024.150,3.240.239.500
"T7, 15/09/2018",02�05�28�30�46�50�49,57.372.868.650,5.333.582.600
"T5, 13/09/2018",04�06�07�26�40�44�09,55.368.863.400,5.110.915.350
"T3, 11/09/2018",13�17�28�42�45�49�50,53.696.842.500,4.925.135.250
"T7, 08/09/2018",09�11�12�24�35�43�15,51.566.176.200,4.688.394.550
"T5, 06/09/2018",04�11�15�21�24�27�07,49.962.814.050,4.510.243.200
"T3, 04/09/2018",08�18�20�29�34�37�51,48.210.550.500,4.315.547.250
"T7, 01/09/2018",02�08�20�21�28�36�05,46.296.717.600,4.102.899.150
"T5, 30/08/2018",05�22�28�42�49�54�36,44.848.312.950,3.941.965.300
"T3, 28/08/2018",02�10�15�31�39�48�23,43.233.200.400,3.762.508.350
"T7, 25/08/2018",10�11�15�32�40�48�27,41.260.462.050,3.543.315.200
"T5, 23/08/2018",14�18�27�38�39�53�02,39.404.614.350,3.337.109.900
"T3, 21/08/2018",09�12�14�23�32�46�31,38.068.041.000,3.188.601.750
"T7, 18/08/2018",07�33�36�39�51�55�11,36.370.625.250,3.156.157.700
"T5, 16/08/2018",06�10�34�46�48�51�47,34.965.205.950,3.140.259.400
"T3, 14/08/2018",29�30�36�38�45�52�46,33.702.871.350,3.596.064.250
"T7, 11/08/2018",16�17�31�33�42�44�14,32.194.626.150,3.428.481.450
"T5, 09/08/2018",24�29�32�33�49�55�09,31.059.648.300,3.302.372.800
"T3, 07/08/2018",03�09�15�20�39�49�04,47.175.342.150,3.184.634.100
"T7, 04/08/2018",11�12�24�32�41�48�03,45.513.635.250,3.631.662.050
"T5, 02/08/2018",06�11�16�17�41�55�07,43.671.479.700,3.426.978.100
"T3, 31/07/2018",01�05�27�31�47�50�41,41.892.910.050,3.229.359.250
"T7, 28/07/2018",11�16�22�25�30�40�09,39.828.676.800,4.683.462.000
"T5, 26/07/2018",21�24�33�37�40�46�52,38.113.527.900,4.492.889.900
"T3, 24/07/2018",11�18�34�37�50�53�20,36.779.450.250,4.344.659.050
"T7, 21/07/2018",07�31�33�37�46�52�28,34.751.723.250,4.119.356.050
"T5, 19/07/2018",11�13�28�34�44�47�10,33.072.762.000,3.932.804.800
"T3, 17/07/2018",05�14�22�27�31�40�48,31.660.230.900,3.775.856.900
"T7, 14/07/2018",04�19�23�34�38�50�01,47.012.873.700,3.591.386.800
"T5, 12/07/2018",08�15�18�21�24�49�22,45.034.013.550,3.371.513.450
"T3, 10/07/2018",06�10�16�20�27�29�24,43.270.472.550,3.175.564.450
"T7, 07/07/2018",02�30�45�48�49�53�41,41.690.392.500,3.939.988.950
"T5, 05/07/2018",04�15�22�24�43�51�48,39.908.934.300,3.742.049.150
"T3, 03/07/2018",30�32�34�47�48�49�50,38.162.758.350,3.548.029.600
"T7, 30/06/2018",03�12�23�24�30�33�01,36.351.516.000,3.346.780.450
"T5, 28/06/2018",11�31�33�43�48�51�23,34.769.813.250,3.171.035.700
"T3, 26/06/2018",17�18�21�39�40�43�03,33.230.491.950,3.968.832.000
"T7, 23/06/2018",06�08�13�23�46�55�01,31.562.051.700,3.783.449.750
"T5, 21/06/2018",02�08�19�23�25�33�32,44.151.049.200,3.609.888.450
"T3, 19/06/2018",16�17�31�37�41�52�34,42.685.218.300,3.447.018.350
"T7, 16/06/2018",14�15�21�30�44�47�48,40.558.167.300,3.210.679.350
"T5, 14/06/2018",03�15�32�45�48�54�55,38.662.053.150,4.150.397.100
"T3, 12/06/2018",04�13�23�27�29�35�14,36.793.704.900,3.942.802.850
"T7, 09/06/2018",09�23�25�39�52�53�38,35.057.037.900,3.749.839.850
"T5, 07/06/2018",11�16�18�26�46�47�42,33.451.356.000,3.571.430.750
"T3, 05/06/2018",11�21�26�32�51�52�05,31.656.701.100,3.372.024.650
"T7, 02/06/2018",05�07�17�22�32�33�06,40.421.556.750,3.187.946.750
"T5, 31/05/2018",03�15�18�25�26�29�19,38.730.036.000,3.772.192.400
"T3, 29/05/2018",09�13�17�18�46�50�26,37.041.107.700,3.584.533.700
"T7, 26/05/2018",07�12�28�31�40�44�15,35.144.050.350,3.373.749.550
"T5, 24/05/2018",24�25�26�29�36�48�40,33.284.469.900,3.167.129.500
"T3, 22/05/2018",04�05�08�17�35�47�39,31.780.304.400,3.647.009.800
"T7, 19/05/2018",33�35�45�52�53�55�25,42.114.151.200,3.449.198.200
"T5, 17/05/2018",13�31�38�45�53�55�46,40.161.824.400,3.232.273.000
"T3, 15/05/2018",03�06�29�37�44�49�24,38.071.367.400,4.330.115.250
"T7, 12/05/2018",01�09�26�38�54�55�51,35.643.065.250,4.060.303.900
"T5, 10/05/2018",02�06�08�34�39�43�11,33.632.951.700,3.836.957.950
"T3, 08/05/2018",03�16�23�24�38�42�48,31.688.034.150,3.620.856.000
"T7, 05/05/2018",16�32�33�37�40�48�15,303.899.669.850,3.433.296.650
"T5, 03/05/2018",23�27�33�37�39�49�44,300.000.000.000,36.846.222.000
"T3, 01/05/2018",01�07�20�23�25�38�14,323.711.172.750,5.634.574.750
"T7, 28/04/2018",12�19�22�29�32�46�25,317.750.310.300,4.972.256.700
"T5, 26/04/2018",23�26�29�31�36�54�55,311.383.703.550,4.264.855.950
"T3, 24/04/2018",17�18�24�40�41�46�06,305.150.984.400,3.572.331.600
"T7, 21/04/2018",16�18�41�43�46�55�35,300.000.000.000,7.716.697.000
"T5, 19/04/2018",04�17�19�35�49�55�09,300.000.000.000,7.032.403.500
"T3, 17/04/2018",02�10�26�27�31�38�39,300.000.000.000,66.969.623.500
"T7, 14/04/2018",02�10�14�26�45�54�20,348.542.745.600,8.393.638.400
"T5, 12/04/2018",04�29�35�37�42�54�19,341.100.719.850,7.566.746.650
"T3, 10/04/2018",01�22�25�31�36�48�41,333.842.446.200,6.760.271.800
"T7, 07/04/2018",12�24�33�34�36�53�05,324.541.622.100,5.726.846.900
"T5, 05/04/2018",07�09�17�25�31�32�06,317.878.643.550,4.986.515.950
"T3, 03/04/2018",20�21�39�42�51�53�01,311.346.404.850,4.260.711.650
"T7, 31/03/2018",03�07�31�43�51�53�26,303.276.464.400,3.364.051.600
"T5, 29/03/2018",05�27�35�39�46�52�31,300.000.000.000,7.207.922.000
"T3, 27/03/2018",09�13�14�15�54�55�22,300.000.000.000,25.040.212.000
"T7, 24/03/2018",01�30�38�45�48�50�12,311.943.369.900,4.327.041.100
"T5, 22/03/2018",01�08�24�33�34�41�20,304.515.142.950,3.501.682.550
"T3, 20/03/2018",11�40�43�46�49�55�37,300.000.000.000,37.377.430.000
"T7, 17/03/2018",03�14�28�35�50�52�29,321.738.459.600,5.415.384.400
"T5, 15/03/2018",15�20�23�28�39�49�19,314.502.409.200,4.611.378.800
"T3, 13/03/2018",01�02�17�46�47�49�44,306.583.901.400,3.731.544.600
"T7, 10/03/2018",09�20�27�31�48�49�42,300.000.000.000,70.013.824.500
"T5, 08/03/2018",14�17�18�23�41�52�40,350.981.591.250,8.664.621.250
"T3, 06/03/2018",02�06�13�22�40�48�12,342.197.962.500,7.688.662.500
"T7, 03/03/2018",04�10�32�37�47�52�49,332.230.461.150,6.581.162.350
"T5, 01/03/2018",04�05�07�17�20�38�09,323.797.375.200,5.644.152.800
"T3, 27/02/2018",08�16�23�28�44�49�45,315.871.733.550,4.763.525.950
"T7, 24/02/2018",05�07�24�32�45�49�01,305.600.910.600,3.622.323.400
"T5, 22/02/2018",11�14�32�36�42�48�20,300.000.000.000,40.973.178.500
"T3, 20/02/2018",01�02�21�24�50�52�33,324.942.454.200,5.771.383.800
"T7, 17/02/2018",16�22�28�29�35�43�45,316.828.524.450,4.869.836.050
"T3, 13/02/2018",09�25�26�30�42�54�19,307.948.444.500,3.883.160.500
"T7, 10/02/2018",08�10�19�25�36�46�07,300.000.000.000,22.350.630.500
"T5, 08/02/2018",21�22�29�37�41�50�33,307.756.203.150,3.861.800.350
"T3, 06/02/2018",01�20�29�31�43�53�16,300.000.000.000,13.248.804.500
"T7, 03/02/2018",12�29�42�48�54�55�18,300.000.000.000,23.238.831.500
"T5, 01/02/2018",01�07�08�09�39�43�52,306.891.445.800,3.765.716.200
"T3, 30/01/2018",15�19�24�51�53�55�29,300.000.000.000,10.505.465.350
"T7, 27/01/2018",21�26�36�38�40�50�11,290.823.421.800,6.859.255.550
"T5, 25/01/2018",01�10�30�44�45�50�04,281.341.050.600,5.805.658.750
"T3, 23/01/2018",03�10�15�23�41�53�35,271.952.211.000,4.762.454.350
"T7, 20/01/2018",02�07�15�16�41�45�19,262.085.240.100,3.666.124.250
"T5, 18/01/2018",12�24�28�30�36�39�15,256.090.121.850,5.912.489.850
"T3, 16/01/2018",06�27�33�41�42�49�22,247.416.944.250,4.948.803.450
"T7, 13/01/2018",03�21�25�26�51�55�37,236.891.603.100,3.779.321.100
"T5, 11/01/2018",04�07�30�35�37�45�01,229.877.713.200,3.679.272.900
"T3, 09/01/2018",18�25�28�46�50�51�15,223.764.257.100,4.819.902.900
"T7, 06/01/2018",04�11�24�35�41�45�17,213.511.359.900,3.680.692.100
"T5, 04/01/2018",01�07�31�35�46�55�51,207.385.131.000,4.624.516.750
"T3, 02/01/2018",04�07�08�34�37�47�24,198.519.424.050,3.639.438.200
"T7, 30/12/2017",08�09�36�37�39�50�07,192.764.480.250,8.572.319.250
"T5, 28/12/2017",07�18�26�29�31�35�34,185.756.375.100,7.793.640.900
"T3, 26/12/2017",07�11�13�18�26�42�49,179.085.637.200,7.052.447.800
"T7, 23/12/2017",07�08�09�13�28�44�12,172.865.880.750,6.361.363.750
"T5, 21/12/2017",22�23�27�35�37�46�19,167.473.255.350,5.762.183.150
"T3, 19/12/2017",02�03�20�25�38�44�12,161.744.780.550,5.125.685.950
"T7, 16/12/2017",05�23�37�41�43�53�25,155.267.929.650,4.406.035.850
"T5, 14/12/2017",11�12�22�28�46�50�07,150.431.996.550,3.868.709.950
"T3, 12/12/2017",06�07�08�21�32�39�27,145.563.767.850,3.327.795.650
"T7, 09/12/2017",05�34�35�42�49�52�21,142.613.607.000,3.293.227.850
"T5, 07/12/2017",03�14�26�35�44�54�25,139.974.556.350,4.751.773.250
"T3, 05/12/2017",27�38�40�42�46�55�05,135.897.635.550,4.298.782.050
"T7, 02/12/2017",09�37�45�50�53�54�40,130.389.001.500,3.686.711.600
"T5, 30/11/2017",05�13�26�37�53�55�28,126.430.993.200,3.246.932.900
"T3, 28/11/2017",02�19�39�49�51�53�20,124.208.597.100,3.692.551.000
"T7, 25/11/2017",02�09�16�46�52�55�50,120.250.718.850,3.252.786.750
"T5, 23/11/2017",01�02�03�18�25�50�14,117.975.638.100,3.674.925.400
"T3, 21/11/2017",05�08�23�37�38�54�55,114.313.083.150,3.267.974.850
"T7, 18/11/2017",11�12�26�42�50�54�17,111.901.309.500,3.621.198.450
"T5, 16/11/2017",01�16�22�25�47�48�21,108.584.968.350,3.252.716.100
"T3, 14/11/2017",20�24�29�41�47�49�22,106.310.523.450,3.610.320.500
"T7, 11/11/2017",12�26�33�35�36�44�01,102.765.805.950,3.216.463.000
"T5, 09/11/2017",02�03�06�23�34�36�50,100.817.638.950,5.110.772.400
"T3, 07/11/2017",19�32�36�37�42�54�28,97.091.932.800,4.696.805.050
"T7, 04/11/2017",02�08�12�44�46�52�09,93.461.623.500,4.293.437.350
"T5, 02/11/2017",03�09�12�21�51�52�07,90.407.671.050,3.954.109.300
"T3, 31/10/2017",07�13�24�45�47�52�33,87.445.250.850,3.624.951.500
"T7, 28/10/2017",13�18�35�36�41�48�47,85.047.387.150,3.358.522.200
"T5, 26/10/2017",02�10�15�30�34�50�03,83.506.415.700,3.187.303.150
"T3, 24/10/2017",01�02�09�13�32�35�52,81.820.687.350,3.199.238.550
"T7, 21/10/2017",04�09�13�16�18�49�30,80.027.540.400,5.764.145.600
"T5, 19/10/2017",06�15�17�24�40�45�39,77.375.046.900,5.469.424.100
"T3, 17/10/2017",01�26�36�40�50�54�31,74.830.295.100,5.186.673.900
"T7, 14/10/2017",14�18�29�35�44�49�54,72.079.404.600,4.881.019.400
"T5, 12/10/2017",05�08�11�31�37�42�52,69.615.950.250,4.607.302.250
"T3, 10/10/2017",29�33�43�44�45�50�41,67.375.253.100,4.358.335.900
"T7, 07/10/2017",31�34�40�42�43�49�16,64.573.341.150,4.047.012.350
"T5, 05/10/2017",01�03�14�19�35�41�20,62.814.288.900,3.851.562.100
"T3, 03/10/2017",21�31�35�41�46�50�23,61.575.921.300,3.713.965.700
"T7, 30/09/2017",04�17�23�25�34�46�24,60.155.334.750,3.556.122.750
"T5, 28/09/2017",20�27�28�31�39�47�10,59.174.588.100,3.447.150.900
"T3, 26/09/2017",14�15�18�30�36�49�19,57.928.236.150,3.308.667.350
"T7, 23/09/2017",07�08�27�36�44�53�49,56.305.734.600,3.128.389.400
"T5, 21/09/2017",09�12�16�24�43�51�39,55.150.230.000,5.794.470.000
"T3, 19/09/2017",03�32�36�41�44�53�45,54.239.944.350,5.693.327.150
"T7, 16/09/2017",09�12�21�26�29�52�24,53.177.036.250,5.575.226.250
"T5, 14/09/2017",22�23�32�43�44�51�15,52.263.240.150,5.473.693.350
"T3, 12/09/2017",06�10�12�47�48�51�35,51.063.730.500,5.340.414.500
"T7, 09/09/2017",01�15�23�36�43�54�12,49.441.033.650,5.160.114.850
"T5, 07/09/2017",04�18�22�31�32�40�08,48.190.895.850,5.021.210.650
"T3, 05/09/2017",01�02�08�13�23�39�09,46.972.594.200,4.885.843.800
"T7, 02/09/2017",05�09�11�18�19�37�50,45.743.789.550,4.749.309.950
"T5, 31/08/2017",08�20�27�35�36�47�18,45.086.515.950,4.676.279.550
"T3, 29/08/2017",04�12�15�23�24�41�44,43.925.548.800,4.547.283.200
"T7, 26/08/2017",17�25�30�31�36�41�20,42.705.608.250,4.411.734.250
"T5, 24/08/2017",05�16�18�37�42�46�10,41.355.943.950,4.261.771.550
"T3, 22/08/2017",10�24�31�32�38�44�14,40.231.270.200,4.136.807.800
"T7, 19/08/2017",07�11�13�15�26�51�36,38.842.141.350,3.982.460.150
"T5, 17/08/2017",11�12�20�30�32�34�53,37.754.634.900,3.861.626.100
"T3, 15/08/2017",07�11�19�32�33�51�30,36.713.676.000,3.745.964.000
"T7, 12/08/2017",06�16�20�32�38�51�34,35.666.199.750,3.629.577.750
"T5, 10/08/2017",10�11�19�41�50�54�03,34.588.091.550,3.509.787.950
"T3, 08/08/2017",19�36�39�41�46�51�38,33.415.353.750,3.379.483.750
"T7, 05/08/2017",01�05�11�32�40�45�43,31.903.413.600,3.211.490.400
"T5, 03/08/2017",04�09�24�25�27�45�40,31.024.813.350,3.113.868.150
"T3, 01/08/2017",05�10�14�23�24�38�35,30.528.493.950,3.058.721.550
